FcµR_residue,7YSG,7YTC,7YTD,7YTE,8BPE,8BPF,8BPG
ALA103,0,0,0,0,34,0,0
ALA106,0,0,0,0,34,0,0
ALA53,0,0,0,0,35,0,0
ALA70,0,0,0,0,34,0,0
ARG112,2,1,0,0,77,2,0
ARG45,2,0,1,0,75,1,3
ARG50,0,0,0,0,76,0,0
ARG75,0,0,0,0,74,0,0
ARG83,0,0,0,0,68,0,0
ASN109,0,0,2,0,58,0,0
ASN121,0,0,0,0,56,0,0
ASN66,4,0,3,0,59,1,0
ASN85,0,0,0,0,56,0,0
ASP111,3,0,0,2,58,0,0
ASP98,0,0,0,0,65,0,0
CYS104,0,0,0,0,41,0,0
CYS37,0,0,0,0,42,0,0
CYS49,0,0,0,0,43,0,0
CYS58,0,0,1,0,40,0,0
GLN116,0,0,0,0,56,0,0
GLN80,0,0,0,0,59,0,0
GLN93,0,0,0,0,59,0,0
GLU22,0,0,0,0,65,0,0
GLU26,0,0,0,0,59,0,0
GLU28,0,0,0,0,64,0,0
GLU41,0,0,0,0,58,0,0
GLU51,0,0,0,0,65,0,0
GLU71,0,0,0,0,56,0,0
GLU90,0,0,0,0,58,0,0
GLU96,0,0,0,0,59,0,0
GLY100,0,0,0,0,30,0,0
GLY105,0,0,0,0,26,0,0
GLY107,0,0,0,0,27,0,0
GLY113,0,0,0,0,26,0,0
GLY27,0,0,0,0,29,0,0
GLY30,0,0,0,0,26,0,0
GLY31,0,0,0,0,25,0,0
GLY54,0,0,0,0,26,0,0
GLY56,0,0,0,0,28,0,0
GLY59,0,0,0,0,28,0,0
GLY74,0,0,0,0,25,0,0
HIS123,0,0,0,0,69,0,0
HIS43,1,0,0,0,69,0,0
ILE19,0,0,0,0,47,0,0
ILE35,0,0,0,0,52,0,0
ILE46,0,0,0,0,52,0,0
ILE68,0,0,0,0,53,0,0
LEU120,0,0,0,0,53,0,0
LEU20,0,0,0,0,58,0,0
LEU29,0,0,0,0,54,0,0
LEU39,0,0,0,0,54,0,0
LEU48,0,0,0,0,52,0,0
LEU78,0,0,0,0,51,0,0
LEU86,0,0,0,0,53,0,0
LEU88,0,0,0,0,52,0,0
LEU94,0,0,0,0,52,0,0
LYS114,0,0,0,0,56,0,0
LYS117,0,0,0,0,53,0,0
LYS24,0,0,0,0,53,0,0
LYS36,0,0,0,0,53,0,0
LYS69,0,0,0,1,57,0,0
LYS73,0,0,0,0,53,0,0
LYS79,0,0,0,0,57,0,0
LYS84,0,0,0,0,57,0,0
MET108,0,0,0,0,50,0,0
MET42,0,0,0,0,55,0,1
MET52,0,0,0,0,54,0,0
PHE67,1,0,3,0,78,0,0
PHE87,0,0,0,0,77,0,0
PRO21,0,0,0,0,54,0,0
PRO38,0,0,0,0,52,0,0
PRO40,0,0,0,0,51,0,0
PRO82,0,0,0,0,52,0,0
SER124,0,0,0,0,37,0,0
SER32,0,0,0,0,42,0,0
SER55,0,0,0,0,40,0,0
SER63,1,1,0,0,43,1,0
SER97,0,0,0,0,48,0,0
SER99,0,0,0,0,45,0,0
THR110,2,0,5,2,60,0,2
THR115,0,0,0,0,51,0,0
THR119,0,0,0,0,50,0,0
THR34,0,0,0,0,49,0,0
THR57,2,0,0,2,54,0,0
THR60,1,0,1,3,52,0,2
THR64,0,0,0,0,57,0,0
THR65,3,1,1,0,56,0,0
THR77,0,0,0,0,48,0,0
THR92,0,0,0,0,53,0,0
THR95,0,0,0,0,52,0,0
TYR102,0,0,0,0,87,0,0
TYR47,0,0,0,0,87,0,0
TYR72,0,0,0,0,88,0,0
TYR81,0,0,0,0,89,0,0
VAL101,0,0,0,0,51,0,0
VAL118,0,0,0,0,50,0,0
VAL122,0,0,0,0,49,0,0
VAL23,0,0,0,0,50,0,0
VAL25,0,0,0,0,48,0,0
VAL33,0,0,0,0,48,0,0
VAL44,0,0,0,0,46,0,0
VAL61,0,0,0,0,50,0,0
VAL62,0,0,0,0,51,0,0
VAL76,0,0,0,0,48,0,0
VAL89,0,0,0,0,48,0,0
VAL91,0,0,0,0,47,0,0
