IgM_residue,FcµR_residue,count,interaction_type
ALA103,ALA103,23,other
ALA103,CYS104,6,other
ALA103,TYR102,5,other
ALA106,ALA106,23,other
ALA106,GLY105,5,other
ALA106,GLY107,6,other
ALA511,ASN66,1,other
ALA53,ALA53,23,other
ALA53,GLY54,6,other
ALA53,MET52,6,other
ALA70,ALA70,21,other
ALA70,GLU71,6,other
ALA70,LYS69,7,other
ARG112,ARG112,59,other
ARG112,ASP111,7,other
ARG112,GLY113,6,other
ARG45,ARG45,57,hydrophobic
ARG45,ILE46,5,other
ARG45,THR110,1,h_bond
ARG45,THR60,1,h_bond
ARG45,VAL44,6,other
ARG467,ASP111,7,salt_bridge
ARG467,CYS58,1,h_bond
ARG467,THR57,4,h_bond
ARG467,THR60,3,h_bond
ARG491,HIS43,2,h_bond
ARG491,MET42,2,h_bond
ARG50,ARG50,55,hydrophobic
ARG50,CYS49,5,other
ARG50,GLU51,9,other
ARG50,MET52,2,h_bond
ARG50,SER97,3,h_bond
ARG50,SER99,2,h_bond
ARG514,ASN66,9,salt_bridge
ARG514,THR65,1,h_bond
ARG75,ARG75,61,other
ARG75,GLU71,1,h_bond
ARG75,GLY74,6,other
ARG75,VAL76,6,other
ARG83,ARG83,55,hydrophobic
ARG83,LYS84,6,other
ARG83,PRO82,7,other
ASN109,ASN109,42,other
ASN109,ASP111,3,h_bond
ASN109,MET108,6,other
ASN109,THR110,7,other
ASN121,ASN121,44,other
ASN121,GLY27,1,h_bond
ASN121,LEU120,6,other
ASN121,VAL122,5,other
ASN465,ASN109,2,h_bond
ASN465,THR110,2,h_bond
ASN66,ASN66,40,other
ASN66,PHE67,5,other
ASN66,THR64,2,h_bond
ASN66,THR65,8,other
ASN85,ASN85,42,other
ASN85,LEU86,6,other
ASN85,LYS84,8,other
ASP111,ARG112,7,other
ASP111,ASN109,3,h_bond
ASP111,ASP111,40,other
ASP111,THR110,6,other
ASP66,ARG112,1,salt_bridge
ASP98,ASP98,52,other
ASP98,SER97,7,h_bond
ASP98,SER99,5,other
ASP98,THR95,1,h_bond
CYS104,ALA103,6,other
CYS104,CYS104,28,hydrophobic
CYS104,CYS37,1,hydrophobic
CYS104,GLY105,5,other
CYS104,THR115,1,h_bond
CYS37,CYS104,1,hydrophobic
CYS37,CYS37,28,hydrophobic
CYS37,LYS36,5,other
CYS37,PRO38,8,other
CYS49,ARG50,5,other
CYS49,CYS49,28,hydrophobic
CYS49,CYS58,2,hydrophobic
CYS49,GLU51,1,h_bond
CYS49,LEU48,7,other
CYS58,CYS49,2,hydrophobic
CYS58,CYS58,28,hydrophobic
CYS58,GLY59,5,other
CYS58,THR57,5,other
GLN116,GLN116,45,hydrophobic
GLN116,LYS117,5,other
GLN116,THR115,6,other
GLN493,HIS43,1,h_bond
GLN493,MET42,4,h_bond
GLN510,ASN66,2,h_bond
GLN80,GLN80,49,other
GLN80,LYS79,5,other
GLN80,TYR81,5,other
GLN93,GLN93,45,hydrophobic
GLN93,LEU94,7,other
GLN93,THR92,7,other
GLU22,GLU22,49,other
GLU22,LEU20,2,h_bond
GLU22,PRO21,6,other
GLU22,VAL23,8,other
GLU26,GLU26,47,other
GLU26,GLY27,6,other
GLU26,HIS123,1,h_bond
GLU26,VAL25,5,other
GLU28,GLU28,47,other
GLU28,GLY27,8,other
GLU28,LEU29,9,other
GLU41,GLU41,47,other
GLU41,MET42,6,other
GLU41,PRO40,5,other
GLU468,ARG45,7,salt_bridge
GLU468,PHE67,4,other
GLU468,SER63,5,h_bond
GLU468,THR65,7,h_bond
GLU51,ARG50,9,other
GLU51,CYS49,1,h_bond
GLU51,GLU51,49,other
GLU51,MET52,6,other
GLU526,LYS69,1,salt_bridge
GLU71,ALA70,6,other
GLU71,ARG75,1,h_bond
GLU71,GLU71,43,hydrophobic
GLU71,TYR72,6,other
GLU90,GLU90,47,other
GLU90,VAL89,6,other
GLU90,VAL91,5,other
GLU96,GLU96,45,other
GLU96,SER97,7,other
GLU96,THR95,7,other
GLY100,GLY100,16,other
GLY100,LEU120,2,h_bond
GLY100,SER99,7,other
GLY100,VAL101,5,other
GLY105,ALA106,5,other
GLY105,CYS104,5,other
GLY105,GLY105,16,other
GLY107,ALA106,6,other
GLY107,GLY107,16,other
GLY107,MET108,5,other
GLY113,ARG112,6,other
GLY113,GLY113,14,other
GLY113,LYS114,6,other
GLY27,ASN121,1,h_bond
GLY27,GLU26,6,other
GLY27,GLU28,8,other
GLY27,GLY27,14,other
GLY30,GLY30,16,other
GLY30,GLY31,5,other
GLY30,LEU29,5,other
GLY31,GLY30,5,other
GLY31,GLY31,14,other
GLY31,SER32,6,other
GLY531,ARG112,1,other
GLY54,ALA53,6,other
GLY54,GLY54,14,other
GLY54,SER55,6,other
GLY56,GLY56,14,other
GLY56,SER55,6,other
GLY56,THR57,8,other
GLY59,CYS58,5,other
GLY59,GLY59,16,other
GLY59,THR60,7,other
GLY74,ARG75,6,other
GLY74,GLY74,14,other
GLY74,LYS73,5,other
HIS123,GLU26,1,h_bond
HIS123,HIS123,58,other
HIS123,SER124,5,other
HIS123,VAL122,5,other
HIS43,HIS43,56,hydrophobic
HIS43,MET42,6,other
HIS43,VAL44,5,other
ILE19,ILE19,42,hydrophobic
ILE19,LEU20,5,other
ILE35,ILE35,42,hydrophobic
ILE35,LYS36,5,other
ILE35,THR34,5,other
ILE46,ARG45,5,other
ILE46,ILE46,42,hydrophobic
ILE46,TYR47,5,other
ILE68,ILE68,42,hydrophobic
ILE68,LYS69,5,other
ILE68,PHE67,6,other
LEU120,ASN121,6,other
LEU120,GLY100,2,h_bond
LEU120,LEU120,40,hydrophobic
LEU120,THR119,5,other
LEU20,GLU22,2,h_bond
LEU20,ILE19,5,other
LEU20,LEU20,42,hydrophobic
LEU20,PRO21,9,other
LEU29,GLU28,9,other
LEU29,GLY30,5,other
LEU29,LEU29,40,hydrophobic
LEU39,LEU39,42,hydrophobic
LEU39,PRO38,5,other
LEU39,PRO40,7,hydrophobic
LEU466,ARG45,5,h_bond
LEU466,THR110,16,h_bond
LEU466,THR60,5,h_bond
LEU48,CYS49,7,other
LEU48,LEU48,40,hydrophobic
LEU48,TYR47,5,other
LEU78,LEU78,40,hydrophobic
LEU78,LYS79,5,other
LEU78,THR77,6,other
LEU86,ASN85,6,other
LEU86,LEU86,40,hydrophobic
LEU86,PHE87,5,other
LEU86,TYR81,2,h_bond
LEU88,LEU88,40,hydrophobic
LEU88,LYS79,2,h_bond
LEU88,PHE87,5,other
LEU88,VAL89,5,other
LEU94,GLN93,7,other
LEU94,LEU94,40,hydrophobic
LEU94,THR95,5,other
LYS114,GLY113,6,other
LYS114,LYS114,45,hydrophobic
LYS114,THR115,5,other
LYS117,GLN116,5,other
LYS117,LYS117,43,hydrophobic
LYS117,VAL118,5,other
LYS24,LYS24,43,hydrophobic
LYS24,VAL23,5,other
LYS24,VAL25,5,other
LYS36,CYS37,5,other
LYS36,ILE35,5,other
LYS36,LYS36,43,hydrophobic
LYS69,ALA70,7,other
LYS69,ILE68,5,other
LYS69,LYS69,43,hydrophobic
LYS69,TYR72,1,h_bond
LYS69,VAL61,1,h_bond
LYS73,GLY74,5,other
LYS73,LYS73,43,hydrophobic
LYS73,TYR72,5,other
LYS79,GLN80,5,other
LYS79,LEU78,5,other
LYS79,LEU88,2,h_bond
LYS79,LYS79,45,hydrophobic
LYS84,ARG83,6,other
LYS84,ASN85,8,other
LYS84,LYS84,43,hydrophobic
MET108,ASN109,6,other
MET108,GLY107,5,other
MET108,MET108,38,hydrophobic
MET42,GLU41,6,other
MET42,HIS43,6,other
MET42,MET42,38,hydrophobic
MET52,ALA53,6,other
MET52,ARG50,2,h_bond
MET52,GLU51,6,other
MET52,MET52,40,hydrophobic
PHE67,ASN66,5,other
PHE67,ILE68,6,other
PHE67,PHE67,67,hydrophobic
PHE87,LEU86,5,other
PHE87,LEU88,5,other
PHE87,PHE87,67,hydrophobic
PRO21,GLU22,6,other
PRO21,LEU20,9,other
PRO21,PRO21,39,hydrophobic
PRO38,CYS37,8,other
PRO38,LEU39,5,other
PRO38,PRO38,39,hydrophobic
PRO40,GLU41,5,other
PRO40,LEU39,7,hydrophobic
PRO40,PRO40,39,hydrophobic
PRO82,ARG83,7,other
PRO82,PRO82,37,hydrophobic
PRO82,TYR81,8,other
SER124,HIS123,5,other
SER124,SER124,32,other
SER32,GLY31,6,other
SER32,SER32,30,other
SER32,VAL33,6,other
SER55,GLY54,6,other
SER55,GLY56,6,other
SER55,SER55,28,other
SER63,SER63,30,other
SER63,THR64,6,other
SER63,VAL62,5,other
SER65,ARG112,2,h_bond
SER97,ARG50,3,h_bond
SER97,ASP98,7,h_bond
SER97,GLU96,7,other
SER97,SER97,30,other
SER97,SER99,1,h_bond
SER99,ARG50,2,h_bond
SER99,ASP98,5,other
SER99,GLY100,7,other
SER99,SER97,1,h_bond
SER99,SER99,30,other
THR110,ARG45,1,h_bond
THR110,ASN109,7,other
THR110,ASP111,6,other
THR110,THR110,37,hydrophobic
THR110,THR60,1,h_bond
THR110,TYR47,1,h_bond
THR115,CYS104,1,h_bond
THR115,GLN116,6,other
THR115,LYS114,5,other
THR115,THR115,39,other
THR119,LEU120,5,other
THR119,THR119,39,hydrophobic
THR119,VAL118,5,other
THR119,VAL25,1,h_bond
THR34,ILE35,5,other
THR34,THR34,39,hydrophobic
THR34,VAL33,5,other
THR530,ARG112,2,h_bond
THR57,CYS58,5,other
THR57,GLY56,8,other
THR57,THR57,41,other
THR571,ARG112,3,h_bond
THR574,ARG112,1,h_bond
THR60,ARG45,1,h_bond
THR60,GLY59,7,other
THR60,THR110,1,h_bond
THR60,THR60,37,other
THR60,VAL61,5,other
THR64,ASN66,2,h_bond
THR64,SER63,6,other
THR64,THR64,41,other
THR64,THR65,8,other
THR65,ASN66,8,other
THR65,THR64,8,other
THR65,THR65,37,other
THR77,LEU78,6,other
THR77,THR77,37,other
THR77,VAL76,5,other
THR92,GLN93,7,other
THR92,THR92,41,other
THR92,VAL91,5,other
THR95,ASP98,1,h_bond
THR95,GLU96,7,other
THR95,LEU94,5,other
THR95,THR95,39,other
TYR102,ALA103,5,other
TYR102,TYR102,74,hydrophobic
TYR102,VAL101,5,other
TYR102,VAL118,3,h_bond
TYR47,ILE46,5,other
TYR47,LEU48,5,other
TYR47,THR110,1,h_bond
TYR47,TYR47,76,hydrophobic
TYR576,MET108,1,h_bond
TYR72,GLU71,6,other
TYR72,LYS69,1,h_bond
TYR72,LYS73,5,other
TYR72,TYR72,76,hydrophobic
TYR81,GLN80,5,other
TYR81,LEU86,2,h_bond
TYR81,PRO82,8,other
TYR81,TYR81,74,hydrophobic
VAL101,GLY100,5,other
VAL101,TYR102,5,other
VAL101,VAL101,41,hydrophobic
VAL118,LYS117,5,other
VAL118,THR119,5,other
VAL118,TYR102,3,h_bond
VAL118,VAL118,37,hydrophobic
VAL122,ASN121,5,other
VAL122,HIS123,5,other
VAL122,VAL122,39,hydrophobic
VAL23,GLU22,8,other
VAL23,LYS24,5,other
VAL23,VAL23,37,hydrophobic
VAL25,GLU26,5,other
VAL25,LYS24,5,other
VAL25,THR119,1,h_bond
VAL25,VAL25,37,hydrophobic
VAL33,SER32,6,other
VAL33,THR34,5,other
VAL33,VAL33,37,hydrophobic
VAL44,ARG45,6,other
VAL44,HIS43,5,other
VAL44,VAL44,35,hydrophobic
VAL61,LYS69,1,h_bond
VAL61,THR60,5,other
VAL61,VAL61,37,hydrophobic
VAL61,VAL62,7,other
VAL62,SER63,5,other
VAL62,VAL61,7,other
VAL62,VAL62,39,hydrophobic
VAL76,ARG75,6,other
VAL76,THR77,5,other
VAL76,VAL76,37,hydrophobic
VAL89,GLU90,6,other
VAL89,LEU88,5,other
VAL89,VAL89,37,hydrophobic
VAL91,GLU90,5,other
VAL91,THR92,5,other
VAL91,VAL91,37,hydrophobic
