FcµR_residue,contact_count,min_distance,interaction_types,frequency
ALA103,34,0.0,"['other', 'hydrophobic', 'h_bond']",4.857142857142857
ALA106,34,0.0,"['other', 'hydrophobic', 'h_bond']",4.857142857142857
ALA53,35,0.0,"['other', 'hydrophobic', 'h_bond']",5.0
ALA70,34,0.0,"['other', 'hydrophobic', 'h_bond']",4.857142857142857
ARG112,80,0.0,"['other', 'hydrophobic', 'salt_bridge', 'h_bond']",11.428571428571429
ARG45,81,0.0,"['other', 'hydrophobic', 'salt_bridge', 'h_bond']",11.571428571428571
ARG50,76,0.0,"['other', 'hydrophobic', 'h_bond']",10.857142857142858
ARG75,74,0.0,"['other', 'hydrophobic', 'h_bond']",10.571428571428571
ARG83,68,0.0,"['other', 'hydrophobic', 'h_bond']",9.714285714285714
ASN109,60,0.0,"['other', 'hydrophobic', 'h_bond']",8.571428571428571
ASN121,56,0.0,"['other', 'hydrophobic', 'h_bond']",8.0
ASN66,66,0.0,"['other', 'hydrophobic', 'salt_bridge', 'h_bond']",9.428571428571429
ASN85,56,0.0,"['other', 'hydrophobic', 'h_bond']",8.0
ASP111,63,0.0,"['other', 'hydrophobic', 'salt_bridge', 'h_bond']",9.0
ASP98,65,0.0,"['other', 'hydrophobic', 'h_bond']",9.285714285714286
CYS104,41,0.0,"['other', 'hydrophobic', 'h_bond']",5.857142857142857
CYS37,42,0.0,"['other', 'hydrophobic', 'h_bond']",6.0
CYS49,43,0.0,"['other', 'hydrophobic', 'h_bond']",6.142857142857143
CYS58,41,0.0,"['other', 'hydrophobic', 'h_bond']",5.857142857142857
GLN116,56,0.0,"['other', 'hydrophobic', 'h_bond']",8.0
GLN80,59,0.0,"['other', 'hydrophobic', 'h_bond']",8.428571428571429
GLN93,59,0.0,"['other', 'hydrophobic', 'h_bond']",8.428571428571429
GLU22,65,0.0,"['other', 'hydrophobic', 'h_bond']",9.285714285714286
GLU26,59,0.0,"['other', 'hydrophobic', 'h_bond']",8.428571428571429
GLU28,64,0.0,"['other', 'hydrophobic', 'h_bond']",9.142857142857142
GLU41,58,0.0,"['other', 'hydrophobic', 'h_bond']",8.285714285714286
GLU51,65,0.0,"['other', 'hydrophobic', 'h_bond']",9.285714285714286
GLU71,56,0.0,"['other', 'hydrophobic', 'h_bond']",8.0
GLU90,58,0.0,"['other', 'hydrophobic', 'h_bond']",8.285714285714286
GLU96,59,0.0,"['other', 'hydrophobic', 'h_bond']",8.428571428571429
GLY100,30,0.0,"['other', 'hydrophobic', 'h_bond']",4.285714285714286
GLY105,26,0.0,"['other', 'hydrophobic', 'h_bond']",3.7142857142857144
GLY107,27,0.0,"['other', 'hydrophobic', 'h_bond']",3.857142857142857
GLY113,26,0.0,"['other', 'hydrophobic', 'h_bond']",3.7142857142857144
GLY27,29,0.0,"['other', 'hydrophobic', 'h_bond']",4.142857142857143
GLY30,26,0.0,"['other', 'hydrophobic', 'h_bond']",3.7142857142857144
GLY31,25,0.0,"['other', 'hydrophobic', 'h_bond']",3.5714285714285716
GLY54,26,0.0,"['other', 'hydrophobic', 'h_bond']",3.7142857142857144
GLY56,28,0.0,"['other', 'hydrophobic', 'h_bond']",4.0
GLY59,28,0.0,"['other', 'hydrophobic', 'h_bond']",4.0
GLY74,25,0.0,"['other', 'hydrophobic', 'h_bond']",3.5714285714285716
HIS123,69,0.0,"['other', 'hydrophobic', 'h_bond']",9.857142857142858
HIS43,70,0.0,"['other', 'hydrophobic', 'h_bond']",10.0
ILE19,47,0.0,"['other', 'hydrophobic', 'h_bond']",6.714285714285714
ILE35,52,0.0,"['other', 'hydrophobic', 'h_bond']",7.428571428571429
ILE46,52,0.0,"['other', 'hydrophobic', 'h_bond']",7.428571428571429
ILE68,53,0.0,"['other', 'hydrophobic', 'h_bond']",7.571428571428571
LEU120,53,0.0,"['other', 'hydrophobic', 'h_bond']",7.571428571428571
LEU20,58,0.0,"['other', 'hydrophobic', 'h_bond']",8.285714285714286
LEU29,54,0.0,"['other', 'hydrophobic', 'h_bond']",7.714285714285714
LEU39,54,0.0,"['other', 'hydrophobic', 'h_bond']",7.714285714285714
LEU48,52,0.0,"['other', 'hydrophobic', 'h_bond']",7.428571428571429
LEU78,51,0.0,"['other', 'hydrophobic', 'h_bond']",7.285714285714286
LEU86,53,0.0,"['other', 'hydrophobic', 'h_bond']",7.571428571428571
LEU88,52,0.0,"['other', 'hydrophobic', 'h_bond']",7.428571428571429
LEU94,52,0.0,"['other', 'hydrophobic', 'h_bond']",7.428571428571429
LYS114,56,0.0,"['other', 'hydrophobic', 'h_bond']",8.0
LYS117,53,0.0,"['other', 'hydrophobic', 'h_bond']",7.571428571428571
LYS24,53,0.0,"['other', 'hydrophobic', 'h_bond']",7.571428571428571
LYS36,53,0.0,"['other', 'hydrophobic', 'h_bond']",7.571428571428571
LYS69,58,0.0,"['other', 'hydrophobic', 'salt_bridge', 'h_bond']",8.285714285714286
LYS73,53,0.0,"['other', 'hydrophobic', 'h_bond']",7.571428571428571
LYS79,57,0.0,"['other', 'hydrophobic', 'h_bond']",8.142857142857142
LYS84,57,0.0,"['other', 'hydrophobic', 'h_bond']",8.142857142857142
MET108,50,0.0,"['other', 'hydrophobic', 'h_bond']",7.142857142857143
MET42,56,0.0,"['other', 'hydrophobic', 'h_bond']",8.0
MET52,54,0.0,"['other', 'hydrophobic', 'h_bond']",7.714285714285714
PHE67,82,0.0,"['other', 'hydrophobic', 'h_bond']",11.714285714285714
PHE87,77,0.0,"['other', 'hydrophobic', 'h_bond']",11.0
PRO21,54,0.0,"['other', 'hydrophobic', 'h_bond']",7.714285714285714
PRO38,52,0.0,"['other', 'hydrophobic', 'h_bond']",7.428571428571429
PRO40,51,0.0,"['other', 'hydrophobic', 'h_bond']",7.285714285714286
PRO82,52,0.0,"['other', 'hydrophobic', 'h_bond']",7.428571428571429
SER124,37,0.0,"['other', 'hydrophobic', 'h_bond']",5.285714285714286
SER32,42,0.0,"['other', 'hydrophobic', 'h_bond']",6.0
SER55,40,0.0,"['other', 'hydrophobic', 'h_bond']",5.714285714285714
SER63,45,0.0,"['other', 'hydrophobic', 'h_bond']",6.428571428571429
SER97,48,0.0,"['other', 'hydrophobic', 'h_bond']",6.857142857142857
SER99,45,0.0,"['other', 'hydrophobic', 'h_bond']",6.428571428571429
THR110,71,0.0,"['other', 'hydrophobic', 'h_bond']",10.142857142857142
THR115,51,0.0,"['other', 'hydrophobic', 'h_bond']",7.285714285714286
THR119,50,0.0,"['other', 'hydrophobic', 'h_bond']",7.142857142857143
THR34,49,0.0,"['other', 'hydrophobic', 'h_bond']",7.0
THR57,58,0.0,"['other', 'hydrophobic', 'h_bond']",8.285714285714286
THR60,59,0.0,"['other', 'hydrophobic', 'h_bond']",8.428571428571429
THR64,57,0.0,"['other', 'hydrophobic', 'h_bond']",8.142857142857142
THR65,61,0.0,"['other', 'hydrophobic', 'h_bond']",8.714285714285714
THR77,48,0.0,"['other', 'hydrophobic', 'h_bond']",6.857142857142857
THR92,53,0.0,"['other', 'hydrophobic', 'h_bond']",7.571428571428571
THR95,52,0.0,"['other', 'hydrophobic', 'h_bond']",7.428571428571429
TYR102,87,0.0,"['other', 'hydrophobic', 'h_bond']",12.428571428571429
TYR47,87,0.0,"['other', 'hydrophobic', 'h_bond']",12.428571428571429
TYR72,88,0.0,"['other', 'hydrophobic', 'h_bond']",12.571428571428571
TYR81,89,0.0,"['other', 'hydrophobic', 'h_bond']",12.714285714285714
VAL101,51,0.0,"['other', 'hydrophobic', 'h_bond']",7.285714285714286
VAL118,50,0.0,"['other', 'hydrophobic', 'h_bond']",7.142857142857143
VAL122,49,0.0,"['other', 'hydrophobic', 'h_bond']",7.0
VAL23,50,0.0,"['other', 'hydrophobic', 'h_bond']",7.142857142857143
VAL25,48,0.0,"['other', 'hydrophobic', 'h_bond']",6.857142857142857
VAL33,48,0.0,"['other', 'hydrophobic', 'h_bond']",6.857142857142857
VAL44,46,0.0,"['other', 'hydrophobic', 'h_bond']",6.571428571428571
VAL61,50,0.0,"['other', 'hydrophobic', 'h_bond']",7.142857142857143
VAL62,51,0.0,"['other', 'hydrophobic', 'h_bond']",7.285714285714286
VAL76,48,0.0,"['other', 'hydrophobic', 'h_bond']",6.857142857142857
VAL89,48,0.0,"['other', 'hydrophobic', 'h_bond']",6.857142857142857
VAL91,47,0.0,"['other', 'hydrophobic', 'h_bond']",6.714285714285714
