Category,FcμR_Residue,IgM_Residue,Note
secretory_specific,V_H43,E_Q493,Specific to secretory IgM
secretory_specific,S_M108,H_D453,Specific to secretory IgM
secretory_specific,R_T60,K_E468,Specific to secretory IgM
secretory_specific,S_K69,G_E526,Specific to secretory IgM
secretory_specific,R_D111,B_A572,Specific to secretory IgM
secretory_specific,S_T60,G_R467,Specific to secretory IgM
secretory_specific,R_C58,K_R467,Specific to secretory IgM
secretory_specific,S_T65,H_R514,Specific to secretory IgM
secretory_specific,U_M42,G_Q493,Specific to secretory IgM
secretory_specific,R_T110,K_L466,Specific to secretory IgM
secretory_specific,S_R45,G_L466,Specific to secretory IgM
secretory_specific,V_T65,C_E468,Specific to secretory IgM
secretory_specific,U_N109,E_N465,Specific to secretory IgM
secretory_specific,U_N66,F_R514,Specific to secretory IgM
secretory_specific,R_T57,K_R467,Specific to secretory IgM
secretory_specific,V_T60,C_E468,Specific to secretory IgM
secretory_specific,V_M108,C_N465,Specific to secretory IgM
secretory_specific,R_T110,K_N465,Specific to secretory IgM
secretory_specific,S_A106,K_R491,Specific to secretory IgM
secretory_specific,V_M108,C_L466,Specific to secretory IgM
secretory_specific,S_T57,G_R467,Specific to secretory IgM
secretory_specific,V_F67,C_R467,Specific to secretory IgM
secretory_specific,S_R112,K_T530,Specific to secretory IgM
secretory_specific,U_T57,E_R467,Specific to secretory IgM
secretory_specific,U_F67,E_E468,Specific to secretory IgM
secretory_specific,U_M108,E_L466,Specific to secretory IgM
secretory_specific,U_V44,G_R491,Specific to secretory IgM
secretory_specific,S_T60,G_L466,Specific to secretory IgM
secretory_specific,S_N109,G_N465,Specific to secretory IgM
secretory_specific,U_M108,F_R451,Specific to secretory IgM
secretory_specific,R_D111,K_R467,Specific to secretory IgM
secretory_specific,S_N66,H_H450,Specific to secretory IgM
secretory_specific,U_H43,G_Q493,Specific to secretory IgM
secretory_specific,S_G107,K_R491,Specific to secretory IgM
secretory_specific,S_M108,G_N465,Specific to secretory IgM
secretory_specific,S_T110,G_N465,Specific to secretory IgM
secretory_specific,U_T60,E_L466,Specific to secretory IgM
secretory_specific,R_R112,A_S569,Specific to secretory IgM
secretory_specific,U_T65,E_E468,Specific to secretory IgM
secretory_specific,V_C58,C_R467,Specific to secretory IgM
secretory_specific,S_D111,G_R467,Specific to secretory IgM
secretory_specific,U_F67,E_R467,Specific to secretory IgM
secretory_specific,V_M42,E_Q493,Specific to secretory IgM
secretory_specific,R_R112,A_D570,Specific to secretory IgM
secretory_specific,V_N66,D_R514,Specific to secretory IgM
secretory_specific,S_T60,G_E468,Specific to secretory IgM
secretory_specific,U_T60,E_E525,Specific to secretory IgM
secretory_specific,V_M42,E_Q490,Specific to secretory IgM
secretory_specific,S_M108,G_L466,Specific to secretory IgM
secretory_specific,S_V44,K_Q493,Specific to secretory IgM
secretory_specific,S_T110,G_L466,Specific to secretory IgM
secretory_specific,V_V44,E_Q493,Specific to secretory IgM
secretory_specific,R_T65,L_H450,Specific to secretory IgM
secretory_specific,R_R45,K_E468,Specific to secretory IgM
secretory_specific,S_E71,G_E526,Specific to secretory IgM
secretory_specific,R_S63,K_E468,Specific to secretory IgM
secretory_specific,U_T110,E_R467,Specific to secretory IgM
secretory_specific,R_T60,K_L466,Specific to secretory IgM
secretory_specific,V_N66,D_P512,Specific to secretory IgM
secretory_specific,R_F67,K_R467,Specific to secretory IgM
secretory_specific,S_T110,G_R467,Specific to secretory IgM
secretory_specific,U_G107,G_R491,Specific to secretory IgM
secretory_specific,V_N66,D_A511,Specific to secretory IgM
secretory_specific,S_R45,G_E468,Specific to secretory IgM
secretory_specific,R_N66,L_H450,Specific to secretory IgM
secretory_specific,U_D111,E_R467,Specific to secretory IgM
secretory_specific,U_T110,E_N465,Specific to secretory IgM
secretory_specific,V_T60,C_R467,Specific to secretory IgM
secretory_specific,U_R45,E_L466,Specific to secretory IgM
secretory_specific,V_D111,C_R467,Specific to secretory IgM
secretory_specific,S_V44,K_R491,Specific to secretory IgM
secretory_specific,R_T110,K_R467,Specific to secretory IgM
secretory_specific,V_F67,C_S469,Specific to secretory IgM
secretory_specific,U_M42,G_P494,Specific to secretory IgM
secretory_specific,U_T60,E_E468,Specific to secretory IgM
secretory_specific,R_F67,K_E468,Specific to secretory IgM
secretory_specific,V_G107,E_R491,Specific to secretory IgM
secretory_specific,S_M52,G_E526,Specific to secretory IgM
secretory_specific,U_C58,E_R467,Specific to secretory IgM
secretory_specific,S_S63,G_E468,Specific to secretory IgM
secretory_specific,R_R112,B_A572,Specific to secretory IgM
secretory_specific,U_N66,F_A511,Specific to secretory IgM
secretory_specific,S_M42,K_Q493,Specific to secretory IgM
secretory_specific,R_M108,K_L466,Specific to secretory IgM
secretory_specific,R_R45,K_L466,Specific to secretory IgM
secretory_specific,V_T57,C_R467,Specific to secretory IgM
secretory_specific,U_S63,E_E468,Specific to secretory IgM
secretory_specific,S_N66,H_R514,Specific to secretory IgM
secretory_specific,S_H43,K_Q493,Specific to secretory IgM
secretory_specific,V_T110,C_R467,Specific to secretory IgM
secretory_specific,U_K69,E_E526,Specific to secretory IgM
secretory_specific,S_T65,G_E468,Specific to secretory IgM
secretory_specific,S_F67,G_R467,Specific to secretory IgM
secretory_specific,R_M108,K_N465,Specific to secretory IgM
secretory_specific,S_M108,K_R491,Specific to secretory IgM
secretory_specific,V_R112,E_G531,Specific to secretory IgM
secretory_specific,S_C58,G_R467,Specific to secretory IgM
secretory_specific,V_M42,E_R491,Specific to secretory IgM
secretory_specific,R_T60,K_R467,Specific to secretory IgM
secretory_specific,U_M108,E_N465,Specific to secretory IgM
secretory_specific,R_T64,L_H450,Specific to secretory IgM
secretory_specific,V_T110,C_N465,Specific to secretory IgM
secretory_specific,R_T65,K_E468,Specific to secretory IgM
secretory_specific,U_R112,G_G531,Specific to secretory IgM
secretory_specific,V_T110,C_L466,Specific to secretory IgM
secretory_specific,V_F67,C_E468,Specific to secretory IgM
secretory_specific,U_T60,E_R467,Specific to secretory IgM
secretory_specific,S_G113,K_R491,Specific to secretory IgM
secretory_specific,V_V44,E_R491,Specific to secretory IgM
secretory_specific,U_T110,E_L466,Specific to secretory IgM
secretory_specific,V_N109,C_N465,Specific to secretory IgM
secretory_specific,U_F67,E_E525,Specific to secretory IgM
secretory_specific,U_R45,E_E468,Specific to secretory IgM
secretory_specific,S_F67,G_E468,Specific to secretory IgM
secretory_specific,V_R45,C_L466,Specific to secretory IgM
