FcμR_res,IgM_res,Complex_count,p_value,significant
Met42,Ser65,0,1.0,False
Met42,Asp66,0,1.0,False
Met42,Arg105,0,1.0,False
Met42,Tyr134,0,1.0,False
Met42,Asn465,0,1.0,False
Met42,Leu466,0,1.0,False
Met42,Arg467,0,1.0,False
Met42,Glu468,0,1.0,False
Met42,Arg491,1,0.1918081918081918,False
Met42,Gln493,3,0.003996003996003996,True
Met42,Gln510,0,1.0,False
Met42,Ala511,0,1.0,False
Met42,Arg514,0,1.0,False
Met42,Glu526,0,1.0,False
Met42,Thr530,0,1.0,False
Met42,Gly531,0,1.0,False
Met42,Thr571,0,1.0,False
Met42,Tyr576,0,1.0,False
His43,Ser65,0,1.0,False
His43,Asp66,0,1.0,False
His43,Arg105,0,1.0,False
His43,Tyr134,1,0.1978021978021978,False
His43,Asn465,0,1.0,False
His43,Leu466,0,1.0,False
His43,Arg467,0,1.0,False
His43,Glu468,0,1.0,False
His43,Arg491,1,0.1958041958041958,False
His43,Gln493,1,0.2127872127872128,False
His43,Gln510,0,1.0,False
His43,Ala511,0,1.0,False
His43,Arg514,0,1.0,False
His43,Glu526,0,1.0,False
His43,Thr530,0,1.0,False
His43,Gly531,0,1.0,False
His43,Thr571,0,1.0,False
His43,Tyr576,0,1.0,False
Arg45,Ser65,0,1.0,False
Arg45,Asp66,0,1.0,False
Arg45,Arg105,0,1.0,False
Arg45,Tyr134,0,1.0,False
Arg45,Asn465,0,1.0,False
Arg45,Leu466,5,0.000999000999000999,True
Arg45,Arg467,0,1.0,False
Arg45,Glu468,3,0.000999000999000999,True
Arg45,Arg491,0,1.0,False
Arg45,Gln493,0,1.0,False
Arg45,Gln510,0,1.0,False
Arg45,Ala511,0,1.0,False
Arg45,Arg514,0,1.0,False
Arg45,Glu526,0,1.0,False
Arg45,Thr530,0,1.0,False
Arg45,Gly531,0,1.0,False
Arg45,Thr571,0,1.0,False
Arg45,Tyr576,0,1.0,False
Thr57,Ser65,0,1.0,False
Thr57,Asp66,0,1.0,False
Thr57,Arg105,0,1.0,False
Thr57,Tyr134,0,1.0,False
Thr57,Asn465,0,1.0,False
Thr57,Leu466,0,1.0,False
Thr57,Arg467,2,0.02097902097902098,False
Thr57,Glu468,0,1.0,False
Thr57,Arg491,0,1.0,False
Thr57,Gln493,0,1.0,False
Thr57,Gln510,0,1.0,False
Thr57,Ala511,0,1.0,False
Thr57,Arg514,0,1.0,False
Thr57,Glu526,0,1.0,False
Thr57,Thr530,0,1.0,False
Thr57,Gly531,0,1.0,False
Thr57,Thr571,0,1.0,False
Thr57,Tyr576,0,1.0,False
Cys58,Ser65,0,1.0,False
Cys58,Asp66,0,1.0,False
Cys58,Arg105,0,1.0,False
Cys58,Tyr134,0,1.0,False
Cys58,Asn465,0,1.0,False
Cys58,Leu466,0,1.0,False
Cys58,Arg467,1,0.1888111888111888,False
Cys58,Glu468,0,1.0,False
Cys58,Arg491,0,1.0,False
Cys58,Gln493,0,1.0,False
Cys58,Gln510,0,1.0,False
Cys58,Ala511,0,1.0,False
Cys58,Arg514,0,1.0,False
Cys58,Glu526,0,1.0,False
Cys58,Thr530,0,1.0,False
Cys58,Gly531,0,1.0,False
Cys58,Thr571,0,1.0,False
Cys58,Tyr576,0,1.0,False
Thr60,Ser65,0,1.0,False
Thr60,Asp66,0,1.0,False
Thr60,Arg105,0,1.0,False
Thr60,Tyr134,0,1.0,False
Thr60,Asn465,0,1.0,False
Thr60,Leu466,4,0.000999000999000999,True
Thr60,Arg467,2,0.015984015984015984,False
Thr60,Glu468,0,1.0,False
Thr60,Arg491,0,1.0,False
Thr60,Gln493,0,1.0,False
Thr60,Gln510,0,1.0,False
Thr60,Ala511,0,1.0,False
Thr60,Arg514,0,1.0,False
Thr60,Glu526,0,1.0,False
Thr60,Thr530,0,1.0,False
Thr60,Gly531,0,1.0,False
Thr60,Thr571,0,1.0,False
Thr60,Tyr576,0,1.0,False
Ser63,Ser65,0,1.0,False
Ser63,Asp66,0,1.0,False
Ser63,Arg105,0,1.0,False
Ser63,Tyr134,0,1.0,False
Ser63,Asn465,0,1.0,False
Ser63,Leu466,0,1.0,False
Ser63,Arg467,0,1.0,False
Ser63,Glu468,4,0.001998001998001998,True
Ser63,Arg491,0,1.0,False
Ser63,Gln493,0,1.0,False
Ser63,Gln510,0,1.0,False
Ser63,Ala511,0,1.0,False
Ser63,Arg514,0,1.0,False
Ser63,Glu526,0,1.0,False
Ser63,Thr530,0,1.0,False
Ser63,Gly531,0,1.0,False
Ser63,Thr571,0,1.0,False
Ser63,Tyr576,0,1.0,False
Thr65,Ser65,0,1.0,False
Thr65,Asp66,0,1.0,False
Thr65,Arg105,0,1.0,False
Thr65,Tyr134,0,1.0,False
Thr65,Asn465,0,1.0,False
Thr65,Leu466,0,1.0,False
Thr65,Arg467,0,1.0,False
Thr65,Glu468,4,0.000999000999000999,True
Thr65,Arg491,0,1.0,False
Thr65,Gln493,0,1.0,False
Thr65,Gln510,0,1.0,False
Thr65,Ala511,0,1.0,False
Thr65,Arg514,1,0.1878121878121878,False
Thr65,Glu526,0,1.0,False
Thr65,Thr530,0,1.0,False
Thr65,Gly531,0,1.0,False
Thr65,Thr571,0,1.0,False
Thr65,Tyr576,0,1.0,False
Asn66,Ser65,0,1.0,False
Asn66,Asp66,0,1.0,False
Asn66,Arg105,0,1.0,False
Asn66,Tyr134,0,1.0,False
Asn66,Asn465,0,1.0,False
Asn66,Leu466,0,1.0,False
Asn66,Arg467,0,1.0,False
Asn66,Glu468,0,1.0,False
Asn66,Arg491,0,1.0,False
Asn66,Gln493,0,1.0,False
Asn66,Gln510,1,0.19080919080919082,False
Asn66,Ala511,1,0.1958041958041958,False
Asn66,Arg514,4,0.000999000999000999,True
Asn66,Glu526,0,1.0,False
Asn66,Thr530,0,1.0,False
Asn66,Gly531,0,1.0,False
Asn66,Thr571,0,1.0,False
Asn66,Tyr576,0,1.0,False
Phe67,Ser65,0,1.0,False
Phe67,Asp66,0,1.0,False
Phe67,Arg105,0,1.0,False
Phe67,Tyr134,0,1.0,False
Phe67,Asn465,0,1.0,False
Phe67,Leu466,0,1.0,False
Phe67,Arg467,0,1.0,False
Phe67,Glu468,2,0.02197802197802198,False
Phe67,Arg491,0,1.0,False
Phe67,Gln493,0,1.0,False
Phe67,Gln510,0,1.0,False
Phe67,Ala511,0,1.0,False
Phe67,Arg514,0,1.0,False
Phe67,Glu526,0,1.0,False
Phe67,Thr530,0,1.0,False
Phe67,Gly531,0,1.0,False
Phe67,Thr571,0,1.0,False
Phe67,Tyr576,0,1.0,False
Lys69,Ser65,0,1.0,False
Lys69,Asp66,0,1.0,False
Lys69,Arg105,0,1.0,False
Lys69,Tyr134,0,1.0,False
Lys69,Asn465,0,1.0,False
Lys69,Leu466,0,1.0,False
Lys69,Arg467,0,1.0,False
Lys69,Glu468,0,1.0,False
Lys69,Arg491,0,1.0,False
Lys69,Gln493,0,1.0,False
Lys69,Gln510,0,1.0,False
Lys69,Ala511,0,1.0,False
Lys69,Arg514,0,1.0,False
Lys69,Glu526,1,0.18581418581418582,False
Lys69,Thr530,0,1.0,False
Lys69,Gly531,0,1.0,False
Lys69,Thr571,0,1.0,False
Lys69,Tyr576,0,1.0,False
Met108,Ser65,0,1.0,False
Met108,Asp66,0,1.0,False
Met108,Arg105,0,1.0,False
Met108,Tyr134,0,1.0,False
Met108,Asn465,0,1.0,False
Met108,Leu466,1,0.1878121878121878,False
Met108,Arg467,0,1.0,False
Met108,Glu468,0,1.0,False
Met108,Arg491,0,1.0,False
Met108,Gln493,0,1.0,False
Met108,Gln510,0,1.0,False
Met108,Ala511,0,1.0,False
Met108,Arg514,0,1.0,False
Met108,Glu526,0,1.0,False
Met108,Thr530,0,1.0,False
Met108,Gly531,0,1.0,False
Met108,Thr571,0,1.0,False
Met108,Tyr576,1,0.2037962037962038,False
Asn109,Ser65,0,1.0,False
Asn109,Asp66,0,1.0,False
Asn109,Arg105,0,1.0,False
Asn109,Tyr134,0,1.0,False
Asn109,Asn465,1,0.20679320679320679,False
Asn109,Leu466,0,1.0,False
Asn109,Arg467,0,1.0,False
Asn109,Glu468,0,1.0,False
Asn109,Arg491,0,1.0,False
Asn109,Gln493,0,1.0,False
Asn109,Gln510,0,1.0,False
Asn109,Ala511,0,1.0,False
Asn109,Arg514,0,1.0,False
Asn109,Glu526,0,1.0,False
Asn109,Thr530,0,1.0,False
Asn109,Gly531,0,1.0,False
Asn109,Thr571,0,1.0,False
Asn109,Tyr576,0,1.0,False
Thr110,Ser65,0,1.0,False
Thr110,Asp66,0,1.0,False
Thr110,Arg105,0,1.0,False
Thr110,Tyr134,0,1.0,False
Thr110,Asn465,1,0.1878121878121878,False
Thr110,Leu466,5,0.000999000999000999,True
Thr110,Arg467,0,1.0,False
Thr110,Glu468,0,1.0,False
Thr110,Arg491,0,1.0,False
Thr110,Gln493,0,1.0,False
Thr110,Gln510,0,1.0,False
Thr110,Ala511,0,1.0,False
Thr110,Arg514,0,1.0,False
Thr110,Glu526,0,1.0,False
Thr110,Thr530,0,1.0,False
Thr110,Gly531,0,1.0,False
Thr110,Thr571,0,1.0,False
Thr110,Tyr576,0,1.0,False
Asp111,Ser65,0,1.0,False
Asp111,Asp66,0,1.0,False
Asp111,Arg105,0,1.0,False
Asp111,Tyr134,0,1.0,False
Asp111,Asn465,0,1.0,False
Asp111,Leu466,0,1.0,False
Asp111,Arg467,3,0.002997002997002997,True
Asp111,Glu468,0,1.0,False
Asp111,Arg491,0,1.0,False
Asp111,Gln493,0,1.0,False
Asp111,Gln510,0,1.0,False
Asp111,Ala511,0,1.0,False
Asp111,Arg514,0,1.0,False
Asp111,Glu526,0,1.0,False
Asp111,Thr530,0,1.0,False
Asp111,Gly531,0,1.0,False
Asp111,Thr571,0,1.0,False
Asp111,Tyr576,0,1.0,False
Arg112,Ser65,1,0.2017982017982018,False
Arg112,Asp66,1,0.18981018981018982,False
Arg112,Arg105,1,0.20279720279720279,False
Arg112,Tyr134,0,1.0,False
Arg112,Asn465,0,1.0,False
Arg112,Leu466,0,1.0,False
Arg112,Arg467,0,1.0,False
Arg112,Glu468,0,1.0,False
Arg112,Arg491,0,1.0,False
Arg112,Gln493,0,1.0,False
Arg112,Gln510,0,1.0,False
Arg112,Ala511,0,1.0,False
Arg112,Arg514,0,1.0,False
Arg112,Glu526,0,1.0,False
Arg112,Thr530,1,0.2047952047952048,False
Arg112,Gly531,1,0.1918081918081918,False
Arg112,Thr571,3,0.001998001998001998,True
Arg112,Tyr576,0,1.0,False
