FcμR_residue,residue_number,total_contact_frequency,contact_diversity,normalized_freq
Thr110,110,0.08095238095238094,2,0.004497354497354496
Arg45,45,0.06666666666666667,2,0.003703703703703704
Asn66,66,0.047619047619047616,3,0.0026455026455026454
Thr60,60,0.04285714285714286,2,0.002380952380952381
Arg112,112,0.04285714285714286,6,0.002380952380952381
Met42,42,0.02857142857142857,2,0.0015873015873015873
Ser63,63,0.02857142857142857,1,0.0015873015873015873
Thr65,65,0.02380952380952381,2,0.001322751322751323
Asp111,111,0.023809523809523808,1,0.0013227513227513227
His43,43,0.01904761904761905,3,0.0010582010582010583
Thr57,57,0.01904761904761905,1,0.0010582010582010583
Phe67,67,0.01904761904761905,1,0.0010582010582010583
Met108,108,0.009523809523809525,2,0.0005291005291005291
Asn109,109,0.009523809523809525,1,0.0005291005291005291
Cys58,58,0.004761904761904762,1,0.00026455026455026457
Lys69,69,0.004761904761904762,1,0.00026455026455026457
