,Ser65,Asp66,Arg105,Tyr134,Asn465,Leu466,Arg467,Glu468,Arg491,Gln493,Gln510,Ala511,Arg514,Glu526,Thr530,Gly531,Thr571,Tyr576
Met42,0.0,0.0,0.0,0.0,0.0,0.0,0.0,0.0,0.004761904761904762,0.023809523809523808,0.0,0.0,0.0,0.0,0.0,0.0,0.0,0.0
His43,0.0,0.0,0.0,0.004761904761904762,0.0,0.0,0.0,0.0,0.009523809523809525,0.004761904761904762,0.0,0.0,0.0,0.0,0.0,0.0,0.0,0.0
Arg45,0.0,0.0,0.0,0.0,0.0,0.02857142857142857,0.0,0.0380952380952381,0.0,0.0,0.0,0.0,0.0,0.0,0.0,0.0,0.0,0.0
Thr57,0.0,0.0,0.0,0.0,0.0,0.0,0.01904761904761905,0.0,0.0,0.0,0.0,0.0,0.0,0.0,0.0,0.0,0.0,0.0
Cys58,0.0,0.0,0.0,0.0,0.0,0.0,0.004761904761904762,0.0,0.0,0.0,0.0,0.0,0.0,0.0,0.0,0.0,0.0,0.0
Thr60,0.0,0.0,0.0,0.0,0.0,0.023809523809523808,0.01904761904761905,0.0,0.0,0.0,0.0,0.0,0.0,0.0,0.0,0.0,0.0,0.0
Ser63,0.0,0.0,0.0,0.0,0.0,0.0,0.0,0.02857142857142857,0.0,0.0,0.0,0.0,0.0,0.0,0.0,0.0,0.0,0.0
Thr65,0.0,0.0,0.0,0.0,0.0,0.0,0.0,0.01904761904761905,0.0,0.0,0.0,0.0,0.004761904761904762,0.0,0.0,0.0,0.0,0.0
Asn66,0.0,0.0,0.0,0.0,0.0,0.0,0.0,0.0,0.0,0.0,0.009523809523809525,0.004761904761904762,0.03333333333333333,0.0,0.0,0.0,0.0,0.0
Phe67,0.0,0.0,0.0,0.0,0.0,0.0,0.0,0.01904761904761905,0.0,0.0,0.0,0.0,0.0,0.0,0.0,0.0,0.0,0.0
Lys69,0.0,0.0,0.0,0.0,0.0,0.0,0.0,0.0,0.0,0.0,0.0,0.0,0.0,0.004761904761904762,0.0,0.0,0.0,0.0
Met108,0.0,0.0,0.0,0.0,0.0,0.004761904761904762,0.0,0.0,0.0,0.0,0.0,0.0,0.0,0.0,0.0,0.0,0.0,0.004761904761904762
Asn109,0.0,0.0,0.0,0.0,0.009523809523809525,0.0,0.0,0.0,0.0,0.0,0.0,0.0,0.0,0.0,0.0,0.0,0.0,0.0
Thr110,0.0,0.0,0.0,0.0,0.009523809523809525,0.07142857142857142,0.0,0.0,0.0,0.0,0.0,0.0,0.0,0.0,0.0,0.0,0.0,0.0
Asp111,0.0,0.0,0.0,0.0,0.0,0.0,0.023809523809523808,0.0,0.0,0.0,0.0,0.0,0.0,0.0,0.0,0.0,0.0,0.0
Arg112,0.004761904761904762,0.004761904761904762,0.004761904761904762,0.0,0.0,0.0,0.0,0.0,0.0,0.0,0.0,0.0,0.0,0.0,0.009523809523809525,0.004761904761904762,0.014285714285714285,0.0
