FcμR_res,IgM_res,Frequency,p_value,significant
Met42,Ser65,0.0,1.0,False
Met42,Asp66,0.0,1.0,False
Met42,Arg105,0.0,1.0,False
Met42,Tyr134,0.0,1.0,False
Met42,Asn465,0.0,1.0,False
Met42,Leu466,0.0,1.0,False
Met42,Arg467,0.0,1.0,False
Met42,Glu468,0.0,1.0,False
Met42,Arg491,0.004761904761904762,0.3213572854291417,False
Met42,Gln493,0.023809523809523808,0.001996007984031936,False
Met42,Gln510,0.0,1.0,False
Met42,Ala511,0.0,1.0,False
Met42,Arg514,0.0,1.0,False
Met42,Glu526,0.0,1.0,False
Met42,Thr530,0.0,1.0,False
Met42,Gly531,0.0,1.0,False
Met42,Thr571,0.0,1.0,False
Met42,Tyr576,0.0,1.0,False
His43,Ser65,0.0,1.0,False
His43,Asp66,0.0,1.0,False
His43,Arg105,0.0,1.0,False
His43,Tyr134,0.004761904761904762,0.26147704590818366,False
His43,Asn465,0.0,1.0,False
His43,Leu466,0.0,1.0,False
His43,Arg467,0.0,1.0,False
His43,Glu468,0.0,1.0,False
His43,Arg491,0.009523809523809525,0.06187624750499002,False
His43,Gln493,0.004761904761904762,0.2954091816367265,False
His43,Gln510,0.0,1.0,False
His43,Ala511,0.0,1.0,False
His43,Arg514,0.0,1.0,False
His43,Glu526,0.0,1.0,False
His43,Thr530,0.0,1.0,False
His43,Gly531,0.0,1.0,False
His43,Thr571,0.0,1.0,False
His43,Tyr576,0.0,1.0,False
Arg45,Ser65,0.0,1.0,False
Arg45,Asp66,0.0,1.0,False
Arg45,Arg105,0.0,1.0,False
Arg45,Tyr134,0.0,1.0,False
Arg45,Asn465,0.0,1.0,False
Arg45,Leu466,0.02857142857142857,0.001996007984031936,False
Arg45,Arg467,0.0,1.0,False
Arg45,Glu468,0.0380952380952381,0.001996007984031936,False
Arg45,Arg491,0.0,1.0,False
Arg45,Gln493,0.0,1.0,False
Arg45,Gln510,0.0,1.0,False
Arg45,Ala511,0.0,1.0,False
Arg45,Arg514,0.0,1.0,False
Arg45,Glu526,0.0,1.0,False
Arg45,Thr530,0.0,1.0,False
Arg45,Gly531,0.0,1.0,False
Arg45,Thr571,0.0,1.0,False
Arg45,Tyr576,0.0,1.0,False
Thr57,Ser65,0.0,1.0,False
Thr57,Asp66,0.0,1.0,False
Thr57,Arg105,0.0,1.0,False
Thr57,Tyr134,0.0,1.0,False
Thr57,Asn465,0.0,1.0,False
Thr57,Leu466,0.0,1.0,False
Thr57,Arg467,0.01904761904761905,0.001996007984031936,False
Thr57,Glu468,0.0,1.0,False
Thr57,Arg491,0.0,1.0,False
Thr57,Gln493,0.0,1.0,False
Thr57,Gln510,0.0,1.0,False
Thr57,Ala511,0.0,1.0,False
Thr57,Arg514,0.0,1.0,False
Thr57,Glu526,0.0,1.0,False
Thr57,Thr530,0.0,1.0,False
Thr57,Gly531,0.0,1.0,False
Thr57,Thr571,0.0,1.0,False
Thr57,Tyr576,0.0,1.0,False
Cys58,Ser65,0.0,1.0,False
Cys58,Asp66,0.0,1.0,False
Cys58,Arg105,0.0,1.0,False
Cys58,Tyr134,0.0,1.0,False
Cys58,Asn465,0.0,1.0,False
Cys58,Leu466,0.0,1.0,False
Cys58,Arg467,0.004761904761904762,0.27345309381237526,False
Cys58,Glu468,0.0,1.0,False
Cys58,Arg491,0.0,1.0,False
Cys58,Gln493,0.0,1.0,False
Cys58,Gln510,0.0,1.0,False
Cys58,Ala511,0.0,1.0,False
Cys58,Arg514,0.0,1.0,False
Cys58,Glu526,0.0,1.0,False
Cys58,Thr530,0.0,1.0,False
Cys58,Gly531,0.0,1.0,False
Cys58,Thr571,0.0,1.0,False
Cys58,Tyr576,0.0,1.0,False
Thr60,Ser65,0.0,1.0,False
Thr60,Asp66,0.0,1.0,False
Thr60,Arg105,0.0,1.0,False
Thr60,Tyr134,0.0,1.0,False
Thr60,Asn465,0.0,1.0,False
Thr60,Leu466,0.023809523809523808,0.001996007984031936,False
Thr60,Arg467,0.01904761904761905,0.001996007984031936,False
Thr60,Glu468,0.0,1.0,False
Thr60,Arg491,0.0,1.0,False
Thr60,Gln493,0.0,1.0,False
Thr60,Gln510,0.0,1.0,False
Thr60,Ala511,0.0,1.0,False
Thr60,Arg514,0.0,1.0,False
Thr60,Glu526,0.0,1.0,False
Thr60,Thr530,0.0,1.0,False
Thr60,Gly531,0.0,1.0,False
Thr60,Thr571,0.0,1.0,False
Thr60,Tyr576,0.0,1.0,False
Ser63,Ser65,0.0,1.0,False
Ser63,Asp66,0.0,1.0,False
Ser63,Arg105,0.0,1.0,False
Ser63,Tyr134,0.0,1.0,False
Ser63,Asn465,0.0,1.0,False
Ser63,Leu466,0.0,1.0,False
Ser63,Arg467,0.0,1.0,False
Ser63,Glu468,0.02857142857142857,0.001996007984031936,False
Ser63,Arg491,0.0,1.0,False
Ser63,Gln493,0.0,1.0,False
Ser63,Gln510,0.0,1.0,False
Ser63,Ala511,0.0,1.0,False
Ser63,Arg514,0.0,1.0,False
Ser63,Glu526,0.0,1.0,False
Ser63,Thr530,0.0,1.0,False
Ser63,Gly531,0.0,1.0,False
Ser63,Thr571,0.0,1.0,False
Ser63,Tyr576,0.0,1.0,False
Thr65,Ser65,0.0,1.0,False
Thr65,Asp66,0.0,1.0,False
Thr65,Arg105,0.0,1.0,False
Thr65,Tyr134,0.0,1.0,False
Thr65,Asn465,0.0,1.0,False
Thr65,Leu466,0.0,1.0,False
Thr65,Arg467,0.0,1.0,False
Thr65,Glu468,0.01904761904761905,0.003992015968063872,False
Thr65,Arg491,0.0,1.0,False
Thr65,Gln493,0.0,1.0,False
Thr65,Gln510,0.0,1.0,False
Thr65,Ala511,0.0,1.0,False
Thr65,Arg514,0.004761904761904762,0.2754491017964072,False
Thr65,Glu526,0.0,1.0,False
Thr65,Thr530,0.0,1.0,False
Thr65,Gly531,0.0,1.0,False
Thr65,Thr571,0.0,1.0,False
Thr65,Tyr576,0.0,1.0,False
Asn66,Ser65,0.0,1.0,False
Asn66,Asp66,0.0,1.0,False
Asn66,Arg105,0.0,1.0,False
Asn66,Tyr134,0.0,1.0,False
Asn66,Asn465,0.0,1.0,False
Asn66,Leu466,0.0,1.0,False
Asn66,Arg467,0.0,1.0,False
Asn66,Glu468,0.0,1.0,False
Asn66,Arg491,0.0,1.0,False
Asn66,Gln493,0.0,1.0,False
Asn66,Gln510,0.009523809523809525,0.03992015968063872,False
Asn66,Ala511,0.004761904761904762,0.2994011976047904,False
Asn66,Arg514,0.03333333333333333,0.001996007984031936,False
Asn66,Glu526,0.0,1.0,False
Asn66,Thr530,0.0,1.0,False
Asn66,Gly531,0.0,1.0,False
Asn66,Thr571,0.0,1.0,False
Asn66,Tyr576,0.0,1.0,False
Phe67,Ser65,0.0,1.0,False
Phe67,Asp66,0.0,1.0,False
Phe67,Arg105,0.0,1.0,False
Phe67,Tyr134,0.0,1.0,False
Phe67,Asn465,0.0,1.0,False
Phe67,Leu466,0.0,1.0,False
Phe67,Arg467,0.0,1.0,False
Phe67,Glu468,0.01904761904761905,0.001996007984031936,False
Phe67,Arg491,0.0,1.0,False
Phe67,Gln493,0.0,1.0,False
Phe67,Gln510,0.0,1.0,False
Phe67,Ala511,0.0,1.0,False
Phe67,Arg514,0.0,1.0,False
Phe67,Glu526,0.0,1.0,False
Phe67,Thr530,0.0,1.0,False
Phe67,Gly531,0.0,1.0,False
Phe67,Thr571,0.0,1.0,False
Phe67,Tyr576,0.0,1.0,False
Lys69,Ser65,0.0,1.0,False
Lys69,Asp66,0.0,1.0,False
Lys69,Arg105,0.0,1.0,False
Lys69,Tyr134,0.0,1.0,False
Lys69,Asn465,0.0,1.0,False
Lys69,Leu466,0.0,1.0,False
Lys69,Arg467,0.0,1.0,False
Lys69,Glu468,0.0,1.0,False
Lys69,Arg491,0.0,1.0,False
Lys69,Gln493,0.0,1.0,False
Lys69,Gln510,0.0,1.0,False
Lys69,Ala511,0.0,1.0,False
Lys69,Arg514,0.0,1.0,False
Lys69,Glu526,0.004761904761904762,0.2754491017964072,False
Lys69,Thr530,0.0,1.0,False
Lys69,Gly531,0.0,1.0,False
Lys69,Thr571,0.0,1.0,False
Lys69,Tyr576,0.0,1.0,False
Met108,Ser65,0.0,1.0,False
Met108,Asp66,0.0,1.0,False
Met108,Arg105,0.0,1.0,False
Met108,Tyr134,0.0,1.0,False
Met108,Asn465,0.0,1.0,False
Met108,Leu466,0.004761904761904762,0.2435129740518962,False
Met108,Arg467,0.0,1.0,False
Met108,Glu468,0.0,1.0,False
Met108,Arg491,0.0,1.0,False
Met108,Gln493,0.0,1.0,False
Met108,Gln510,0.0,1.0,False
Met108,Ala511,0.0,1.0,False
Met108,Arg514,0.0,1.0,False
Met108,Glu526,0.0,1.0,False
Met108,Thr530,0.0,1.0,False
Met108,Gly531,0.0,1.0,False
Met108,Thr571,0.0,1.0,False
Met108,Tyr576,0.004761904761904762,0.3333333333333333,False
Asn109,Ser65,0.0,1.0,False
Asn109,Asp66,0.0,1.0,False
Asn109,Arg105,0.0,1.0,False
Asn109,Tyr134,0.0,1.0,False
Asn109,Asn465,0.009523809523809525,0.06187624750499002,False
Asn109,Leu466,0.0,1.0,False
Asn109,Arg467,0.0,1.0,False
Asn109,Glu468,0.0,1.0,False
Asn109,Arg491,0.0,1.0,False
Asn109,Gln493,0.0,1.0,False
Asn109,Gln510,0.0,1.0,False
Asn109,Ala511,0.0,1.0,False
Asn109,Arg514,0.0,1.0,False
Asn109,Glu526,0.0,1.0,False
Asn109,Thr530,0.0,1.0,False
Asn109,Gly531,0.0,1.0,False
Asn109,Thr571,0.0,1.0,False
Asn109,Tyr576,0.0,1.0,False
Thr110,Ser65,0.0,1.0,False
Thr110,Asp66,0.0,1.0,False
Thr110,Arg105,0.0,1.0,False
Thr110,Tyr134,0.0,1.0,False
Thr110,Asn465,0.009523809523809525,0.05389221556886228,False
Thr110,Leu466,0.07142857142857142,0.001996007984031936,False
Thr110,Arg467,0.0,1.0,False
Thr110,Glu468,0.0,1.0,False
Thr110,Arg491,0.0,1.0,False
Thr110,Gln493,0.0,1.0,False
Thr110,Gln510,0.0,1.0,False
Thr110,Ala511,0.0,1.0,False
Thr110,Arg514,0.0,1.0,False
Thr110,Glu526,0.0,1.0,False
Thr110,Thr530,0.0,1.0,False
Thr110,Gly531,0.0,1.0,False
Thr110,Thr571,0.0,1.0,False
Thr110,Tyr576,0.0,1.0,False
Asp111,Ser65,0.0,1.0,False
Asp111,Asp66,0.0,1.0,False
Asp111,Arg105,0.0,1.0,False
Asp111,Tyr134,0.0,1.0,False
Asp111,Asn465,0.0,1.0,False
Asp111,Leu466,0.0,1.0,False
Asp111,Arg467,0.023809523809523808,0.001996007984031936,False
Asp111,Glu468,0.0,1.0,False
Asp111,Arg491,0.0,1.0,False
Asp111,Gln493,0.0,1.0,False
Asp111,Gln510,0.0,1.0,False
Asp111,Ala511,0.0,1.0,False
Asp111,Arg514,0.0,1.0,False
Asp111,Glu526,0.0,1.0,False
Asp111,Thr530,0.0,1.0,False
Asp111,Gly531,0.0,1.0,False
Asp111,Thr571,0.0,1.0,False
Asp111,Tyr576,0.0,1.0,False
Arg112,Ser65,0.004761904761904762,0.2834331337325349,False
Arg112,Asp66,0.004761904761904762,0.3073852295409182,False
Arg112,Arg105,0.004761904761904762,0.2874251497005988,False
Arg112,Tyr134,0.0,1.0,False
Arg112,Asn465,0.0,1.0,False
Arg112,Leu466,0.0,1.0,False
Arg112,Arg467,0.0,1.0,False
Arg112,Glu468,0.0,1.0,False
Arg112,Arg491,0.0,1.0,False
Arg112,Gln493,0.0,1.0,False
Arg112,Gln510,0.0,1.0,False
Arg112,Ala511,0.0,1.0,False
Arg112,Arg514,0.0,1.0,False
Arg112,Glu526,0.0,1.0,False
Arg112,Thr530,0.009523809523809525,0.059880239520958084,False
Arg112,Gly531,0.004761904761904762,0.3373253493013972,False
Arg112,Thr571,0.014285714285714285,0.007984031936127744,False
Arg112,Tyr576,0.0,1.0,False
