sIgM_chain,sIgM_residue,sIgM_resid,FcµR_chain,FcµR_residue,FcµR_resid,distance,interaction_type,sIgM_atom,FcµR_atom
A,SER569,569,R,ARG112,112,3.8813422,Other,OG,NH1
A,SER569,569,R,ARG112,112,4.467017,Other,OG,NH2
A,ASP570,570,R,ARG112,112,4.453914,Other,CA,NH2
A,ASP570,570,R,ARG112,112,4.2091465,Hydrophobic,CB,CZ
A,ASP570,570,R,ARG112,112,3.0311239,Other,CB,NH2
A,ASP570,570,R,ARG112,112,3.1978786,Other,CG,NH2
A,ASP570,570,R,ARG112,112,3.8684375,Other,OD1,NH2
A,ASP570,570,R,ARG112,112,3.347086,Hydrogen Bond,OD2,NH2
B,ALA572,572,R,ASP111,111,4.2979,Other,CA,OD1
B,ALA572,572,R,ARG112,112,3.930471,Other,CA,NH1
B,ALA572,572,R,ASP111,111,4.4076147,Other,C,OD1
B,ALA572,572,R,ASP111,111,4.171394,Hydrophobic,CB,CB
B,ALA572,572,R,ASP111,111,4.188578,Hydrophobic,CB,CG
B,ALA572,572,R,ASP111,111,3.3630497,Other,CB,OD1
B,ALA572,572,R,ARG112,112,3.834875,Hydrophobic,CB,CZ
B,ALA572,572,R,ARG112,112,3.42986,Other,CB,NH1
B,ALA572,572,R,ARG112,112,3.806361,Other,CB,NH2
K,ASN465,465,R,MET108,108,4.0850425,Other,C,O
K,ASN465,465,R,MET108,108,3.9937768,Other,O,O
K,ASN465,465,R,THR110,110,3.8378043,Other,O,N
K,ASN465,465,R,THR110,110,3.8825874,Other,O,CB
K,ASN465,465,R,THR110,110,3.825465,Other,O,OG1
K,LEU466,466,R,MET108,108,3.86247,Other,N,O
K,LEU466,466,R,MET108,108,3.6104698,Other,CA,O
K,LEU466,466,R,THR110,110,4.166627,Other,CA,OG1
K,LEU466,466,R,MET108,108,4.4943585,Other,C,O
K,LEU466,466,R,THR110,110,4.432726,Hydrophobic,C,CB
K,LEU466,466,R,THR110,110,3.537351,Other,C,OG1
K,LEU466,466,R,ARG45,45,4.0549216,Other,O,CZ
K,LEU466,466,R,ARG45,45,3.9450755,Other,O,NH1
K,LEU466,466,R,ARG45,45,3.881269,Other,O,NH2
K,LEU466,466,R,THR60,60,4.434513,Other,O,CB
K,LEU466,466,R,THR60,60,4.097636,Other,O,OG1
K,LEU466,466,R,THR60,60,3.4857225,Other,O,CG2
K,LEU466,466,R,THR110,110,3.9685612,Other,O,CB
K,LEU466,466,R,THR110,110,2.8560147,Hydrogen Bond,O,OG1
K,LEU466,466,R,MET108,108,4.4598746,Other,CG,O
K,LEU466,466,R,ARG45,45,3.515466,Hydrophobic,CD1,CD
K,LEU466,466,R,ARG45,45,3.6246784,Other,CD1,NE
K,LEU466,466,R,ARG45,45,4.1272097,Hydrophobic,CD1,CZ
K,LEU466,466,R,MET108,108,4.257689,Hydrophobic,CD1,CA
K,LEU466,466,R,MET108,108,3.914324,Other,CD1,O
K,LEU466,466,R,MET108,108,4.3451853,Hydrophobic,CD1,CE
K,LEU466,466,R,MET108,108,4.2971544,Other,CD2,O
K,LEU466,466,R,MET108,108,4.371132,Hydrophobic,CD2,CB
K,ARG467,467,R,THR110,110,4.3272123,Other,N,OG1
K,ARG467,467,R,THR60,60,4.483015,Hydrophobic,C,CB
K,ARG467,467,R,THR60,60,3.4581091,Other,C,OG1
K,ARG467,467,R,THR60,60,4.3532248,Hydrophobic,C,CG2
K,ARG467,467,R,THR60,60,3.6887643,Other,O,N
K,ARG467,467,R,THR60,60,4.3639736,Other,O,CA
K,ARG467,467,R,THR60,60,4.49949,Other,O,O
K,ARG467,467,R,THR60,60,3.9600048,Other,O,CB
K,ARG467,467,R,THR60,60,2.9138374,Hydrogen Bond,O,OG1
K,ARG467,467,R,THR60,60,4.1398506,Other,O,CG2
K,ARG467,467,R,PHE67,67,4.262961,Other,O,CE2
K,ARG467,467,R,CYS58,58,3.9745154,Other,CB,O
K,ARG467,467,R,THR60,60,4.292186,Other,CB,N
K,ARG467,467,R,THR60,60,4.497727,Other,CB,OG1
K,ARG467,467,R,THR60,60,4.1120405,Hydrophobic,CB,CG2
K,ARG467,467,R,THR110,110,3.938464,Hydrophobic,CB,CB
K,ARG467,467,R,THR110,110,3.876542,Other,CB,OG1
K,ARG467,467,R,THR110,110,4.1382875,Hydrophobic,CB,CG2
K,ARG467,467,R,CYS58,58,3.6044846,Other,CG,O
K,ARG467,467,R,THR110,110,3.856942,Hydrophobic,CG,CB
K,ARG467,467,R,THR110,110,4.240412,Other,CG,OG1
K,ARG467,467,R,THR110,110,4.203885,Hydrophobic,CG,CG2
K,ARG467,467,R,CYS58,58,3.42484,Other,CD,O
K,ARG467,467,R,THR57,57,4.3557844,Other,NE,CB
K,ARG467,467,R,THR57,57,3.4894261,Hydrogen Bond,NE,OG1
K,ARG467,467,R,THR57,57,4.0029373,Other,NE,CG2
K,ARG467,467,R,CYS58,58,4.277494,Other,NE,C
K,ARG467,467,R,CYS58,58,3.1464148,Hydrogen Bond,NE,O
K,ARG467,467,R,ASP111,111,3.987592,Other,NE,CG
K,ARG467,467,R,ASP111,111,3.987516,Other,NE,OD1
K,ARG467,467,R,ASP111,111,3.4967377,Hydrogen Bond,NE,OD2
K,ARG467,467,R,THR57,57,4.295656,Hydrophobic,CZ,CB
K,ARG467,467,R,THR57,57,3.4328082,Other,CZ,OG1
K,ARG467,467,R,THR57,57,4.1357236,Hydrophobic,CZ,CG2
K,ARG467,467,R,CYS58,58,4.306069,Other,CZ,O
K,ARG467,467,R,ASP111,111,3.767572,Hydrophobic,CZ,CG
K,ARG467,467,R,ASP111,111,3.4202106,Other,CZ,OD1
K,ARG467,467,R,ASP111,111,3.7013829,Other,CZ,OD2
K,ARG467,467,R,ASP111,111,4.2707167,Other,NH1,OD1
K,ARG467,467,R,THR57,57,3.352453,Other,NH2,CB
K,ARG467,467,R,THR57,57,2.5202975,Hydrogen Bond,NH2,OG1
K,ARG467,467,R,THR57,57,3.5424225,Other,NH2,CG2
K,ARG467,467,R,ASP111,111,4.4403424,Other,NH2,CB
K,ARG467,467,R,ASP111,111,3.1549575,Other,NH2,CG
K,ARG467,467,R,ASP111,111,2.4581556,Hydrogen Bond,NH2,OD1
K,ARG467,467,R,ASP111,111,3.3328242,Hydrogen Bond,NH2,OD2
K,GLU468,468,R,THR60,60,3.6830974,Other,N,OG1
K,GLU468,468,R,PHE67,67,4.483354,Other,N,CE2
K,GLU468,468,R,THR60,60,3.4102955,Other,CA,OG1
K,GLU468,468,R,PHE67,67,4.4359994,Hydrophobic,CA,CG
K,GLU468,468,R,PHE67,67,3.541523,Hydrophobic,CA,CD2
K,GLU468,468,R,PHE67,67,3.2486398,Hydrophobic,CA,CE2
K,GLU468,468,R,PHE67,67,3.9603655,Hydrophobic,CA,CZ
K,GLU468,468,R,PHE67,67,4.490306,Hydrophobic,C,CG
K,GLU468,468,R,PHE67,67,3.9554417,Hydrophobic,C,CD2
K,GLU468,468,R,PHE67,67,4.290159,Hydrophobic,C,CE1
K,GLU468,468,R,PHE67,67,3.5483785,Hydrophobic,C,CE2
K,GLU468,468,R,PHE67,67,3.7391932,Hydrophobic,C,CZ
K,GLU468,468,R,PHE67,67,4.036925,Other,O,CG
K,GLU468,468,R,PHE67,67,3.858276,Other,O,CD1
K,GLU468,468,R,PHE67,67,3.653006,Other,O,CD2
K,GLU468,468,R,PHE67,67,3.275821,Other,O,CE1
K,GLU468,468,R,PHE67,67,3.0309098,Other,O,CE2
K,GLU468,468,R,PHE67,67,2.807576,Other,O,CZ
K,GLU468,468,R,THR60,60,3.7977653,Other,CB,OG1
K,GLU468,468,R,PHE67,67,4.482843,Hydrophobic,CB,CB
K,GLU468,468,R,PHE67,67,4.019515,Hydrophobic,CB,CG
K,GLU468,468,R,PHE67,67,3.2925751,Hydrophobic,CB,CD2
K,GLU468,468,R,PHE67,67,3.612282,Hydrophobic,CB,CE2
K,GLU468,468,R,ARG45,45,4.132239,Other,CG,NH1
K,GLU468,468,R,THR60,60,4.0538993,Hydrophobic,CG,CB
K,GLU468,468,R,THR60,60,3.2112482,Other,CG,OG1
K,GLU468,468,R,THR60,60,4.1814356,Hydrophobic,CG,CG2
K,GLU468,468,R,SER63,63,4.1621647,Other,CG,OG
K,GLU468,468,R,PHE67,67,4.486335,Hydrophobic,CG,CG
K,GLU468,468,R,PHE67,67,3.5576181,Hydrophobic,CG,CD2
K,GLU468,468,R,PHE67,67,4.0310426,Hydrophobic,CG,CE2
K,GLU468,468,R,ARG45,45,3.7967398,Other,CD,NH1
K,GLU468,468,R,THR60,60,4.4431586,Other,CD,OG1
K,GLU468,468,R,SER63,63,4.0082645,Hydrophobic,CD,CB
K,GLU468,468,R,SER63,63,3.6089714,Other,CD,OG
K,GLU468,468,R,THR65,65,4.342926,Other,CD,OG1
K,GLU468,468,R,PHE67,67,4.1835847,Hydrophobic,CD,CD2
K,GLU468,468,R,THR65,65,3.7373655,Other,OE1,OG1
K,GLU468,468,R,PHE67,67,4.331313,Other,OE1,CB
K,GLU468,468,R,PHE67,67,4.4707446,Other,OE1,CD2
K,GLU468,468,R,ARG45,45,4.489198,Other,OE2,CG
K,GLU468,468,R,ARG45,45,3.9845974,Other,OE2,CD
K,GLU468,468,R,ARG45,45,4.360866,Other,OE2,NE
K,GLU468,468,R,ARG45,45,3.9205406,Other,OE2,CZ
K,GLU468,468,R,ARG45,45,2.8395183,Hydrogen Bond,OE2,NH1
K,GLU468,468,R,SER63,63,3.0421958,Other,OE2,CB
K,GLU468,468,R,SER63,63,2.578875,Hydrogen Bond,OE2,OG
K,GLU468,468,R,THR65,65,4.154219,Other,OE2,OG1
L,HIS450,450,R,THR65,65,4.289531,Hydrophobic,CG,CG2
L,HIS450,450,R,THR64,64,4.4732428,Other,ND1,O
L,HIS450,450,R,THR65,65,3.933765,Other,ND1,CG2
L,HIS450,450,R,THR65,65,3.8275173,Hydrophobic,CD2,CG2
L,HIS450,450,R,THR64,64,4.289686,Hydrophobic,CE1,C
L,HIS450,450,R,THR64,64,3.313035,Other,CE1,O
L,HIS450,450,R,THR65,65,3.8956783,Hydrophobic,CE1,CA
L,HIS450,450,R,THR65,65,4.128043,Hydrophobic,CE1,CB
L,HIS450,450,R,THR65,65,3.203169,Hydrophobic,CE1,CG2
L,HIS450,450,R,THR64,64,3.8538969,Other,NE2,O
L,HIS450,450,R,THR65,65,3.4942377,Other,NE2,CA
L,HIS450,450,R,THR65,65,4.4823184,Other,NE2,C
L,HIS450,450,R,THR65,65,3.714888,Other,NE2,CB
L,HIS450,450,R,THR65,65,3.0955505,Other,NE2,CG2
L,HIS450,450,R,ASN66,66,4.422814,Other,NE2,N
J,HIS63,63,R,ARG112,112,4.4609976,Hydrophobic,CA,CZ
J,HIS63,63,R,ARG112,112,4.448723,Other,CA,NH2
J,HIS63,63,R,ARG112,112,4.4161386,Other,C,NH2
J,HIS63,63,R,ARG112,112,4.1125097,Hydrophobic,CB,CD
J,HIS63,63,R,ARG112,112,3.674325,Other,CB,NE
J,HIS63,63,R,ARG112,112,3.445422,Hydrophobic,CB,CZ
J,HIS63,63,R,ARG112,112,3.5912411,Other,CB,NH1
J,HIS63,63,R,ARG112,112,3.8145988,Other,CB,NH2
J,HIS63,63,R,ARG112,112,4.101688,Hydrophobic,CG,CD
J,HIS63,63,R,ARG112,112,4.059621,Other,CG,NE
J,HIS63,63,R,ARG112,112,3.7694328,Hydrophobic,CG,CZ
J,HIS63,63,R,ARG112,112,3.4132962,Other,CG,NH1
J,HIS63,63,R,ARG112,112,4.4632735,Other,CG,NH2
J,HIS63,63,R,ARG112,112,3.931826,Other,ND1,CZ
J,HIS63,63,R,ARG112,112,3.1789827,Hydrogen Bond,ND1,NH1
J,HIS63,63,R,ARG112,112,4.192536,Hydrophobic,CD2,CD
J,HIS63,63,R,ARG112,112,4.140503,Other,CD2,NH1
J,HIS63,63,R,ARG112,112,3.8115098,Other,CE1,NH1
J,HIS63,63,R,ARG112,112,4.3472657,Other,NE2,NH1
J,SER65,65,R,ARG112,112,3.987646,Other,N,NH2
J,SER65,65,R,ARG112,112,4.3575,Other,CA,NH2
J,SER65,65,R,ASN109,109,4.09439,Other,CB,ND2
J,SER65,65,R,ARG112,112,3.9131474,Other,CB,NE
J,SER65,65,R,ARG112,112,4.180713,Hydrophobic,CB,CZ
J,SER65,65,R,ARG112,112,3.4795527,Other,CB,NH2
J,SER65,65,R,ASN109,109,3.7752457,Other,OG,ND2
J,SER65,65,R,ARG112,112,3.7413402,Other,OG,CD
J,SER65,65,R,ARG112,112,2.5370393,Hydrogen Bond,OG,NE
J,SER65,65,R,ARG112,112,3.0176444,Other,OG,CZ
J,SER65,65,R,ARG112,112,4.335807,Other,OG,NH1
J,SER65,65,R,ARG112,112,2.690274,Hydrogen Bond,OG,NH2
J,ASP66,66,R,ARG112,112,4.472519,Other,N,NE
J,ASP66,66,R,ARG112,112,3.611272,Hydrophobic,CG,CD
J,ASP66,66,R,ARG112,112,3.886863,Other,CG,NE
J,ASP66,66,R,ARG112,112,3.4112036,Other,OD1,CD
J,ASP66,66,R,ARG112,112,4.071985,Other,OD1,NE
J,ASP66,66,R,ARG112,112,3.9744568,Other,OD2,CB
J,ASP66,66,R,ARG112,112,4.164274,Other,OD2,CG
J,ASP66,66,R,ARG112,112,3.1539047,Other,OD2,CD
J,ASP66,66,R,ARG112,112,3.2416227,Hydrogen Bond,OD2,NE
J,ASP66,66,R,ARG112,112,4.428219,Other,OD2,CZ
G,ASN465,465,S,ASN109,109,4.4398675,Other,CA,OD1
G,ASN465,465,S,MET108,108,4.116942,Other,C,O
G,ASN465,465,S,ASN109,109,4.394008,Other,C,OD1
G,ASN465,465,S,THR110,110,4.2568994,Other,C,N
G,ASN465,465,S,THR110,110,4.339274,Other,C,OG1
G,ASN465,465,S,MET108,108,4.345272,Other,O,C
G,ASN465,465,S,MET108,108,3.4529903,Hydrogen Bond,O,O
G,ASN465,465,S,ASN109,109,4.4360075,Other,O,N
G,ASN465,465,S,ASN109,109,3.582537,Other,O,CA
G,ASN465,465,S,ASN109,109,3.787961,Other,O,C
G,ASN465,465,S,ASN109,109,4.299157,Other,O,CG
G,ASN465,465,S,ASN109,109,3.5554254,Other,O,OD1
G,ASN465,465,S,THR110,110,3.0997372,Hydrogen Bond,O,N
G,ASN465,465,S,THR110,110,4.0079417,Other,O,CA
G,ASN465,465,S,THR110,110,3.6954887,Other,O,CB
G,ASN465,465,S,THR110,110,3.5675128,Other,O,OG1
G,ASN465,465,S,ASN109,109,4.3712063,Hydrophobic,CB,CG
G,ASN465,465,S,ASN109,109,4.0129128,Other,CB,OD1
G,ASN465,465,S,ASN109,109,4.4968457,Hydrophobic,CG,CG
G,ASN465,465,S,ASN109,109,4.2097406,Other,CG,OD1
G,ASN465,465,S,ASN109,109,4.253214,Other,ND2,ND2
G,LEU466,466,S,MET108,108,4.2277684,Other,N,O
G,LEU466,466,S,THR110,110,4.4392266,Other,N,OG1
G,LEU466,466,S,MET108,108,3.7234433,Other,CA,O
G,LEU466,466,S,THR110,110,3.5977976,Other,CA,OG1
G,LEU466,466,S,THR110,110,4.0349255,Hydrophobic,C,CB
G,LEU466,466,S,THR110,110,3.1361115,Other,C,OG1
G,LEU466,466,S,ARG45,45,4.4212537,Other,O,NH1
G,LEU466,466,S,ARG45,45,4.265307,Other,O,NH2
G,LEU466,466,S,THR60,60,4.273334,Other,O,CG2
G,LEU466,466,S,THR110,110,3.7517102,Other,O,CB
G,LEU466,466,S,THR110,110,2.6336107,Hydrogen Bond,O,OG1
G,LEU466,466,S,THR110,110,4.3565817,Other,O,CG2
G,LEU466,466,S,MET108,108,4.2973723,Other,CB,O
G,LEU466,466,S,ARG45,45,4.480972,Other,CG,NH1
G,LEU466,466,S,MET108,108,3.871108,Other,CG,O
G,LEU466,466,S,MET108,108,4.018333,Other,CD1,O
G,LEU466,466,S,MET108,108,4.4780974,Hydrophobic,CD1,CE
G,ARG467,467,S,THR110,110,3.987939,Other,N,OG1
G,ARG467,467,S,THR60,60,3.9386663,Hydrophobic,C,CG2
G,ARG467,467,S,THR60,60,3.937654,Other,O,N
G,ARG467,467,S,THR60,60,3.934524,Other,O,CB
G,ARG467,467,S,THR60,60,2.8907082,Other,O,CG2
G,ARG467,467,S,PHE67,67,4.212088,Other,O,CE2
G,ARG467,467,S,CYS58,58,3.867341,Other,CB,O
G,ARG467,467,S,THR110,110,4.0879207,Hydrophobic,CB,CB
G,ARG467,467,S,THR110,110,4.051137,Other,CB,OG1
G,ARG467,467,S,THR110,110,4.0618153,Hydrophobic,CB,CG2
G,ARG467,467,S,CYS58,58,3.7764976,Other,CG,O
G,ARG467,467,S,THR110,110,4.061129,Hydrophobic,CG,CB
G,ARG467,467,S,THR110,110,4.4347534,Other,CG,OG1
G,ARG467,467,S,THR110,110,4.184263,Hydrophobic,CG,CG2
G,ARG467,467,S,THR57,57,4.453356,Hydrophobic,CD,CB
G,ARG467,467,S,CYS58,58,4.1513004,Other,CD,O
G,ARG467,467,S,THR57,57,4.3109527,Other,NE,CB
G,ARG467,467,S,THR57,57,3.992622,Hydrophobic,CZ,CB
G,ARG467,467,S,THR57,57,3.8778532,Hydrophobic,CZ,CG2
G,ARG467,467,S,THR57,57,4.4138207,Other,NH1,CA
G,ARG467,467,S,THR57,57,3.727551,Other,NH1,CB
G,ARG467,467,S,THR57,57,3.7672033,Other,NH1,CG2
G,ARG467,467,S,ASP111,111,4.2621846,Other,NH1,CB
G,ARG467,467,S,ASP111,111,4.0021133,Other,NH1,CG
G,ARG467,467,S,ASP111,111,3.8549635,Other,NH1,OD2
G,ARG467,467,S,THR57,57,3.9603086,Other,NH2,CG2
G,GLU468,468,S,THR60,60,4.4564743,Hydrophobic,CA,CG2
G,GLU468,468,S,PHE67,67,4.0488973,Hydrophobic,CA,CD2
G,GLU468,468,S,PHE67,67,4.010404,Hydrophobic,CA,CE2
G,GLU468,468,S,PHE67,67,4.340916,Hydrophobic,CB,CG
G,GLU468,468,S,PHE67,67,3.8457973,Hydrophobic,CB,CD2
G,GLU468,468,S,PHE67,67,4.320963,Hydrophobic,CB,CE2
G,GLU468,468,S,ARG45,45,4.3098135,Other,CG,NH2
G,GLU468,468,S,THR60,60,3.5829446,Hydrophobic,CG,CG2
G,GLU468,468,S,PHE67,67,4.488996,Hydrophobic,CG,CG
G,GLU468,468,S,PHE67,67,3.786802,Hydrophobic,CG,CD2
G,GLU468,468,S,PHE67,67,4.4462414,Hydrophobic,CG,CE2
G,GLU468,468,S,ARG45,45,3.8518674,Other,CD,NH2
G,GLU468,468,S,THR60,60,4.154543,Hydrophobic,CD,CG2
G,GLU468,468,S,SER63,63,4.4699183,Hydrophobic,CD,CB
G,GLU468,468,S,SER63,63,3.6842968,Other,CD,OG
G,GLU468,468,S,THR65,65,4.1164536,Hydrophobic,CD,CB
G,GLU468,468,S,THR65,65,4.2610607,Hydrophobic,CD,CG2
G,GLU468,468,S,PHE67,67,3.764412,Hydrophobic,CD,CB
G,GLU468,468,S,PHE67,67,4.19394,Hydrophobic,CD,CG
G,GLU468,468,S,PHE67,67,3.8208618,Hydrophobic,CD,CD2
G,GLU468,468,S,ARG45,45,4.002803,Other,OE1,NE
G,GLU468,468,S,ARG45,45,3.7334318,Other,OE1,CZ
G,GLU468,468,S,ARG45,45,2.8859184,Hydrogen Bond,OE1,NH2
G,GLU468,468,S,THR60,60,4.289118,Other,OE1,OG1
G,GLU468,468,S,THR60,60,3.9530866,Other,OE1,CG2
G,GLU468,468,S,SER63,63,3.2737367,Other,OE1,CB
G,GLU468,468,S,SER63,63,2.6836462,Hydrogen Bond,OE1,OG
G,GLU468,468,S,THR65,65,3.884516,Other,OE1,CB
G,GLU468,468,S,THR65,65,4.297826,Other,OE1,OG1
G,GLU468,468,S,THR65,65,4.456833,Other,OE1,CG2
G,GLU468,468,S,PHE67,67,4.122105,Other,OE1,CB
G,GLU468,468,S,PHE67,67,4.215844,Other,OE1,CD2
G,GLU468,468,S,SER63,63,4.0138893,Other,OE2,OG
G,GLU468,468,S,THR65,65,3.528418,Other,OE2,CB
G,GLU468,468,S,THR65,65,4.085712,Other,OE2,OG1
G,GLU468,468,S,THR65,65,3.2866595,Other,OE2,CG2
G,GLU468,468,S,PHE67,67,3.3490016,Other,OE2,CB
G,GLU468,468,S,PHE67,67,4.0393157,Other,OE2,CG
G,GLU468,468,S,PHE67,67,4.0721188,Other,OE2,CD2
G,GLU526,526,S,MET52,52,4.3601704,Hydrophobic,CA,CE
G,GLU526,526,S,MET52,52,3.505236,Hydrophobic,CB,SD
G,GLU526,526,S,MET52,52,3.7663453,Hydrophobic,CB,CE
G,GLU526,526,S,MET52,52,4.3624516,Hydrophobic,CG,SD
G,GLU526,526,S,MET52,52,4.070389,Hydrophobic,CD,SD
G,GLU526,526,S,LYS69,69,4.4265647,Hydrophobic,CD,CE
G,GLU526,526,S,LYS69,69,4.346383,Other,CD,NZ
G,GLU526,526,S,MET52,52,3.817346,Other,OE1,SD
G,GLU526,526,S,LYS69,69,3.230686,Other,OE1,CE
G,GLU526,526,S,LYS69,69,3.1051908,Hydrogen Bond,OE1,NZ
G,GLU526,526,S,GLU71,71,4.100931,Other,OE1,OE2
H,HIS450,450,S,ASN66,66,4.2155557,Other,CD2,OD1
H,HIS450,450,S,ASN66,66,3.7201455,Other,NE2,OD1
H,ASP453,453,S,MET108,108,3.8801112,Other,OD2,CE
H,ARG514,514,S,ASN66,66,4.15833,Other,CG,OD1
H,ARG514,514,S,ASN66,66,4.4839745,Hydrophobic,CD,CG
H,ARG514,514,S,ASN66,66,3.3096354,Other,CD,OD1
H,ARG514,514,S,ASN66,66,3.6722944,Other,NE,OD1
H,ARG514,514,S,THR65,65,4.0725985,Hydrophobic,CZ,CG2
H,ARG514,514,S,ASN66,66,4.4086957,Other,CZ,N
H,ARG514,514,S,ASN66,66,4.2680106,Hydrophobic,CZ,CB
H,ARG514,514,S,ASN66,66,4.3010974,Hydrophobic,CZ,CG
H,ARG514,514,S,ASN66,66,3.5050395,Other,CZ,OD1
H,ARG514,514,S,THR65,65,4.2259927,Other,NH1,CA
H,ARG514,514,S,THR65,65,4.3205767,Other,NH1,C
H,ARG514,514,S,THR65,65,4.3663297,Other,NH1,CB
H,ARG514,514,S,THR65,65,3.4032288,Other,NH1,CG2
H,ARG514,514,S,ASN66,66,3.4164996,Hydrogen Bond,NH1,N
H,ARG514,514,S,ASN66,66,4.2048593,Other,NH1,CA
H,ARG514,514,S,ASN66,66,3.749101,Other,NH1,CB
H,ARG514,514,S,ASN66,66,3.6157136,Other,NH1,CG
H,ARG514,514,S,ASN66,66,2.86995,Hydrogen Bond,NH1,OD1
H,ARG514,514,S,THR65,65,3.794287,Other,NH2,CG2
K,ARG491,491,S,VAL44,44,4.4634867,Other,O,CG1
K,ARG491,491,S,VAL44,44,4.126357,Other,O,CG2
K,ARG491,491,S,VAL44,44,3.7382312,Hydrophobic,CG,CG1
K,ARG491,491,S,VAL44,44,4.46657,Hydrophobic,CG,CG2
K,ARG491,491,S,GLY107,107,3.9021618,Hydrophobic,CG,CA
K,ARG491,491,S,MET108,108,4.435443,Other,CG,N
K,ARG491,491,S,GLY107,107,3.7085032,Hydrophobic,CD,CA
K,ARG491,491,S,GLY107,107,4.3323536,Other,NE,CA
K,ARG491,491,S,ALA106,106,4.0562263,Other,NH1,O
K,ARG491,491,S,GLY107,107,4.284087,Other,NH1,CA
K,ARG491,491,S,GLY113,113,4.219113,Other,NH1,CA
K,GLN493,493,S,MET42,42,3.7361574,Other,CB,O
K,GLN493,493,S,VAL44,44,4.35216,Hydrophobic,CB,CG2
K,GLN493,493,S,MET42,42,3.3950522,Other,CG,O
K,GLN493,493,S,HIS43,43,4.2717924,Hydrophobic,CG,C
K,GLN493,493,S,HIS43,43,4.1858907,Other,CG,O
K,GLN493,493,S,VAL44,44,4.3700876,Other,CG,N
K,GLN493,493,S,VAL44,44,4.458587,Hydrophobic,CG,CA
K,GLN493,493,S,VAL44,44,3.7890244,Hydrophobic,CG,CG2
K,GLN493,493,S,MET42,42,3.511331,Other,CD,O
K,GLN493,493,S,HIS43,43,4.319796,Hydrophobic,CD,CA
K,GLN493,493,S,HIS43,43,3.92924,Hydrophobic,CD,C
K,GLN493,493,S,HIS43,43,3.6749742,Other,CD,O
K,GLN493,493,S,HIS43,43,3.6822436,Hydrophobic,CD,CB
K,GLN493,493,S,VAL44,44,4.4768457,Other,CD,N
K,GLN493,493,S,MET42,42,4.00334,Other,OE1,O
K,GLN493,493,S,HIS43,43,3.9183288,Other,OE1,CB
K,GLN493,493,S,MET42,42,3.7856755,Other,NE2,O
K,GLN493,493,S,HIS43,43,3.6963737,Other,NE2,CA
K,GLN493,493,S,HIS43,43,3.1438277,Other,NE2,C
K,GLN493,493,S,HIS43,43,2.5817,Hydrogen Bond,NE2,O
K,GLN493,493,S,HIS43,43,3.1318226,Other,NE2,CB
K,GLN493,493,S,HIS43,43,4.423055,Other,NE2,CG
K,GLN493,493,S,VAL44,44,3.9322362,Other,NE2,N
K,GLN493,493,S,VAL44,44,4.247591,Other,NE2,CA
K,THR530,530,S,ARG112,112,4.4055,Other,O,CD
E,ASN465,465,U,ASN109,109,4.428908,Other,CA,OD1
E,ASN465,465,U,MET108,108,3.952271,Other,C,O
E,ASN465,465,U,ASN109,109,4.4202275,Other,C,OD1
E,ASN465,465,U,THR110,110,4.3842616,Other,C,N
E,ASN465,465,U,MET108,108,3.9453013,Other,O,O
E,ASN465,465,U,ASN109,109,4.0637264,Other,O,CA
E,ASN465,465,U,ASN109,109,4.172063,Other,O,C
E,ASN465,465,U,ASN109,109,3.8140326,Other,O,OD1
E,ASN465,465,U,THR110,110,3.3151305,Hydrogen Bond,O,N
E,ASN465,465,U,THR110,110,4.14702,Other,O,CA
E,ASN465,465,U,THR110,110,3.8160238,Other,O,CB
E,ASN465,465,U,THR110,110,3.8119268,Other,O,OG1
E,ASN465,465,U,ASN109,109,4.4566464,Hydrophobic,CB,CG
E,ASN465,465,U,ASN109,109,4.011726,Other,CB,OD1
E,ASN465,465,U,ASN109,109,4.1406374,Other,CG,OD1
E,ASN465,465,U,ASN109,109,4.4093666,Other,OD1,OD1
E,ASN465,465,U,ASN109,109,4.410632,Other,ND2,ND2
E,LEU466,466,U,MET108,108,3.7186913,Other,N,O
E,LEU466,466,U,MET108,108,3.6017861,Other,CA,O
E,LEU466,466,U,THR110,110,3.9773762,Other,CA,OG1
E,LEU466,466,U,THR110,110,4.23847,Hydrophobic,C,CB
E,LEU466,466,U,THR110,110,3.403319,Other,C,OG1
E,LEU466,466,U,ARG45,45,4.2033644,Other,O,CZ
E,LEU466,466,U,ARG45,45,3.6347795,Other,O,NH1
E,LEU466,466,U,ARG45,45,4.02886,Other,O,NH2
E,LEU466,466,U,THR60,60,4.3947005,Other,O,CB
E,LEU466,466,U,THR60,60,3.59401,Other,O,OG1
E,LEU466,466,U,THR110,110,3.639393,Other,O,CB
E,LEU466,466,U,THR110,110,2.5856202,Hydrogen Bond,O,OG1
E,LEU466,466,U,THR110,110,4.4618034,Other,O,CG2
E,LEU466,466,U,MET108,108,4.123982,Other,CB,O
E,LEU466,466,U,MET108,108,3.623544,Other,CG,O
E,LEU466,466,U,MET108,108,3.5566957,Other,CD1,O
E,LEU466,466,U,MET108,108,4.41975,Hydrophobic,CD1,CB
E,ARG467,467,U,THR110,110,4.3253407,Other,N,OG1
E,ARG467,467,U,THR60,60,4.1104736,Hydrophobic,C,CB
E,ARG467,467,U,THR60,60,4.224387,Other,C,OG1
E,ARG467,467,U,THR60,60,3.657204,Other,O,N
E,ARG467,467,U,THR60,60,3.9450824,Other,O,CA
E,ARG467,467,U,THR60,60,4.3710046,Other,O,O
E,ARG467,467,U,THR60,60,3.1151123,Other,O,CB
E,ARG467,467,U,THR60,60,3.5207512,Other,O,OG1
E,ARG467,467,U,THR60,60,4.0742583,Other,O,CG2
E,ARG467,467,U,PHE67,67,4.4212956,Other,O,CD2
E,ARG467,467,U,PHE67,67,4.1112585,Other,O,CE2
E,ARG467,467,U,CYS58,58,4.4504514,Other,CB,O
E,ARG467,467,U,THR60,60,4.339617,Other,CB,N
E,ARG467,467,U,THR60,60,4.2417784,Other,CB,OG1
E,ARG467,467,U,THR110,110,4.049207,Hydrophobic,CB,CB
E,ARG467,467,U,THR110,110,4.0676,Other,CB,OG1
E,ARG467,467,U,THR110,110,4.3671484,Hydrophobic,CB,CG2
E,ARG467,467,U,CYS58,58,4.0813293,Other,CG,O
E,ARG467,467,U,THR110,110,4.331192,Hydrophobic,CG,CB
E,ARG467,467,U,ASP111,111,4.451556,Hydrophobic,CG,CG
E,ARG467,467,U,ASP111,111,4.045683,Other,CG,OD1
E,ARG467,467,U,ASP111,111,4.2854123,Other,CG,OD2
E,ARG467,467,U,CYS58,58,4.402052,Other,CD,O
E,ARG467,467,U,ASP111,111,4.0817785,Other,NE,OD2
E,ARG467,467,U,THR57,57,3.7880294,Other,CZ,OG1
E,ARG467,467,U,THR57,57,4.1789126,Hydrophobic,CZ,CG2
E,ARG467,467,U,ASP111,111,3.9853175,Hydrophobic,CZ,CG
E,ARG467,467,U,ASP111,111,4.0663795,Other,CZ,OD1
E,ARG467,467,U,ASP111,111,3.1122787,Other,CZ,OD2
E,ARG467,467,U,THR57,57,3.4479935,Other,NH1,CB
E,ARG467,467,U,THR57,57,2.5445364,Hydrogen Bond,NH1,OG1
E,ARG467,467,U,THR57,57,3.3099039,Other,NH1,CG2
E,ARG467,467,U,CYS58,58,4.0328474,Other,NH1,O
E,ARG467,467,U,ASP111,111,3.0729218,Other,NH1,CG
E,ARG467,467,U,ASP111,111,2.9515676,Hydrogen Bond,NH1,OD1
E,ARG467,467,U,ASP111,111,2.477174,Hydrogen Bond,NH1,OD2
E,ARG467,467,U,THR57,57,4.3168626,Other,NH2,OG1
E,ARG467,467,U,ASP111,111,3.3982334,Hydrogen Bond,NH2,OD2
E,GLU468,468,U,PHE67,67,4.177948,Hydrophobic,CA,CG
E,GLU468,468,U,PHE67,67,3.5338302,Hydrophobic,CA,CD2
E,GLU468,468,U,PHE67,67,3.6292257,Hydrophobic,CA,CE2
E,GLU468,468,U,PHE67,67,4.351707,Hydrophobic,CA,CZ
E,GLU468,468,U,PHE67,67,4.3792906,Hydrophobic,C,CG
E,GLU468,468,U,PHE67,67,4.0087233,Hydrophobic,C,CD2
E,GLU468,468,U,PHE67,67,4.426013,Hydrophobic,C,CE1
E,GLU468,468,U,PHE67,67,3.8281336,Hydrophobic,C,CE2
E,GLU468,468,U,PHE67,67,4.0552974,Hydrophobic,C,CZ
E,GLU468,468,U,PHE67,67,4.002077,Other,O,CG
E,GLU468,468,U,PHE67,67,3.9031672,Other,O,CD1
E,GLU468,468,U,PHE67,67,3.6738894,Other,O,CD2
E,GLU468,468,U,PHE67,67,3.4555058,Other,O,CE1
E,GLU468,468,U,PHE67,67,3.1911895,Other,O,CE2
E,GLU468,468,U,PHE67,67,3.0709534,Other,O,CZ
E,GLU468,468,U,PHE67,67,4.126724,Hydrophobic,CB,CB
E,GLU468,468,U,PHE67,67,3.9622896,Hydrophobic,CB,CG
E,GLU468,468,U,PHE67,67,3.666359,Hydrophobic,CB,CD2
E,GLU468,468,U,PHE67,67,4.277066,Hydrophobic,CB,CE2
E,GLU468,468,U,ARG45,45,3.644527,Other,CG,NH1
E,GLU468,468,U,THR60,60,4.392673,Hydrophobic,CG,CB
E,GLU468,468,U,THR60,60,4.430779,Other,CG,OG1
E,GLU468,468,U,THR60,60,4.1269455,Hydrophobic,CG,CG2
E,GLU468,468,U,SER63,63,4.3330574,Other,CG,OG
E,GLU468,468,U,THR65,65,4.489185,Other,CG,OG1
E,GLU468,468,U,PHE67,67,4.333624,Hydrophobic,CG,CB
E,GLU468,468,U,PHE67,67,4.470198,Hydrophobic,CG,CG
E,GLU468,468,U,PHE67,67,4.0159535,Hydrophobic,CG,CD2
E,GLU468,468,U,ARG45,45,3.3719695,Other,CD,NH1
E,GLU468,468,U,SER63,63,4.061894,Hydrophobic,CD,CB
E,GLU468,468,U,SER63,63,3.903098,Other,CD,OG
E,GLU468,468,U,THR65,65,4.176204,Hydrophobic,CD,CB
E,GLU468,468,U,THR65,65,2.9863193,Other,CD,OG1
E,GLU468,468,U,PHE67,67,4.139058,Hydrophobic,CD,CB
E,GLU468,468,U,THR65,65,4.433469,Other,OE1,O
E,GLU468,468,U,THR65,65,3.5732594,Other,OE1,CB
E,GLU468,468,U,THR65,65,2.7312515,Hydrogen Bond,OE1,OG1
E,GLU468,468,U,THR65,65,4.452225,Other,OE1,CG2
E,GLU468,468,U,PHE67,67,3.9096293,Other,OE1,CB
E,GLU468,468,U,ARG45,45,3.5605333,Other,OE2,CD
E,GLU468,468,U,ARG45,45,3.9954116,Other,OE2,NE
E,GLU468,468,U,ARG45,45,3.5768988,Other,OE2,CZ
E,GLU468,468,U,ARG45,45,2.428042,Hydrogen Bond,OE2,NH1
E,GLU468,468,U,SER63,63,3.1787634,Other,OE2,CB
E,GLU468,468,U,SER63,63,3.0741901,Hydrogen Bond,OE2,OG
E,GLU468,468,U,THR65,65,4.498196,Other,OE2,O
E,GLU468,468,U,THR65,65,3.925988,Other,OE2,CB
E,GLU468,468,U,THR65,65,2.540327,Hydrogen Bond,OE2,OG1
E,GLU525,525,U,PHE67,67,4.2978816,Other,OE1,CE2
E,GLU525,525,U,PHE67,67,4.3484397,Other,OE1,CZ
E,GLU525,525,U,THR60,60,4.1769342,Other,OE2,N
E,GLU525,525,U,THR60,60,4.412637,Other,OE2,O
E,GLU525,525,U,PHE67,67,4.4629345,Other,OE2,CE2
E,GLU526,526,U,LYS69,69,3.699123,Other,CD,NZ
E,GLU526,526,U,LYS69,69,3.4755101,Hydrogen Bond,OE1,NZ
E,GLU526,526,U,LYS69,69,3.7225058,Other,OE2,NZ
F,ARG451,451,U,MET108,108,4.0796514,Other,NH1,CE
F,ALA511,511,U,ASN66,66,4.4748707,Hydrophobic,CB,CG
F,ALA511,511,U,ASN66,66,3.9710526,Other,CB,OD1
F,ALA511,511,U,ASN66,66,4.0795655,Other,CB,ND2
F,ARG514,514,U,ASN66,66,4.2485733,Other,NH1,ND2
G,ARG491,491,U,VAL44,44,3.6811092,Other,O,CG1
G,ARG491,491,U,VAL44,44,3.4549668,Hydrophobic,CB,CG1
G,ARG491,491,U,VAL44,44,4.243951,Hydrophobic,CG,CG1
G,ARG491,491,U,VAL44,44,3.8007112,Hydrophobic,CD,CG1
G,ARG491,491,U,GLY107,107,4.052555,Other,CD,N
G,ARG491,491,U,GLY107,107,3.541175,Hydrophobic,CD,CA
G,ARG491,491,U,GLY107,107,4.422306,Other,NE,CA
G,ARG491,491,U,VAL44,44,4.2670584,Other,NH1,CG1
G,ARG491,491,U,VAL44,44,3.992376,Other,NH1,CG2
G,GLN493,493,U,MET42,42,4.495576,Hydrophobic,CB,C
G,GLN493,493,U,MET42,42,3.255791,Other,CB,O
G,GLN493,493,U,MET42,42,4.242077,Hydrophobic,CB,CG
G,GLN493,493,U,MET42,42,4.0974727,Hydrophobic,CG,C
G,GLN493,493,U,MET42,42,2.9659882,Other,CG,O
G,GLN493,493,U,MET42,42,4.1601815,Hydrophobic,CG,CG
G,GLN493,493,U,MET42,42,3.9693563,Hydrophobic,CG,CE
G,GLN493,493,U,HIS43,43,4.368581,Hydrophobic,CG,CB
G,GLN493,493,U,MET42,42,4.1653132,Other,CD,O
G,PRO494,494,U,MET42,42,4.222262,Other,O,CG
G,PRO494,494,U,MET42,42,3.6134892,Other,O,SD
G,PRO494,494,U,MET42,42,3.9412076,Other,O,CE
G,GLY531,531,U,ARG112,112,4.373545,Other,N,CD
G,GLY531,531,U,ARG112,112,4.3267217,Other,N,NE
G,GLY531,531,U,ARG112,112,4.4443707,Other,CA,NE
G,GLY531,531,U,ARG112,112,4.4188533,Hydrophobic,CA,CZ
G,GLY531,531,U,ARG112,112,4.095547,Hydrophobic,C,CZ
G,GLY531,531,U,ARG112,112,4.225876,Other,C,NH1
G,GLY531,531,U,ARG112,112,4.071805,Other,C,NH2
G,GLY531,531,U,ARG112,112,3.824859,Other,O,NE
G,GLY531,531,U,ARG112,112,3.097332,Other,O,CZ
G,GLY531,531,U,ARG112,112,3.0886528,Hydrogen Bond,O,NH1
G,GLY531,531,U,ARG112,112,3.1138523,Hydrogen Bond,O,NH2
C,ASN465,465,V,MET108,108,4.208854,Other,O,C
C,ASN465,465,V,MET108,108,3.6096942,Other,O,O
C,ASN465,465,V,ASN109,109,4.206174,Other,O,N
C,ASN465,465,V,ASN109,109,3.629647,Other,O,CA
C,ASN465,465,V,ASN109,109,4.4724298,Other,O,C
C,ASN465,465,V,ASN109,109,4.3701234,Other,O,CB
C,ASN465,465,V,ASN109,109,4.338169,Other,O,CG
C,ASN465,465,V,ASN109,109,4.3114634,Other,O,OD1
C,ASN465,465,V,THR110,110,4.2267394,Other,O,N
C,LEU466,466,V,MET108,108,4.0912075,Other,CA,O
C,LEU466,466,V,THR110,110,4.3634872,Hydrophobic,CA,CB
C,LEU466,466,V,THR110,110,3.5446546,Other,CA,OG1
C,LEU466,466,V,THR110,110,4.1367354,Hydrophobic,C,CB
C,LEU466,466,V,THR110,110,3.3849838,Other,C,OG1
C,LEU466,466,V,ARG45,45,4.330173,Other,O,CZ
C,LEU466,466,V,ARG45,45,4.4102263,Other,O,NH1
C,LEU466,466,V,ARG45,45,4.1679335,Other,O,NH2
C,LEU466,466,V,THR110,110,3.9724019,Other,O,CB
C,LEU466,466,V,THR110,110,3.0093055,Hydrogen Bond,O,OG1
C,LEU466,466,V,MET108,108,4.1756396,Other,CB,O
C,LEU466,466,V,THR110,110,4.422149,Other,CB,OG1
C,LEU466,466,V,ARG45,45,4.135802,Other,CG,NE
C,LEU466,466,V,ARG45,45,4.3114185,Hydrophobic,CG,CZ
C,LEU466,466,V,ARG45,45,4.121705,Other,CG,NH2
C,LEU466,466,V,MET108,108,4.271516,Hydrophobic,CG,C
C,LEU466,466,V,MET108,108,3.1980255,Other,CG,O
C,LEU466,466,V,THR110,110,4.272001,Other,CG,OG1
C,LEU466,466,V,ARG45,45,4.45007,Other,CD1,NE
C,LEU466,466,V,MET108,108,4.2526464,Other,CD1,O
C,LEU466,466,V,ARG45,45,3.870385,Hydrophobic,CD2,CD
C,LEU466,466,V,ARG45,45,2.9241316,Other,CD2,NE
C,LEU466,466,V,ARG45,45,2.8808355,Hydrophobic,CD2,CZ
C,LEU466,466,V,ARG45,45,3.687666,Other,CD2,NH1
C,LEU466,466,V,ARG45,45,2.822093,Other,CD2,NH2
C,LEU466,466,V,MET108,108,4.1548963,Hydrophobic,CD2,C
C,LEU466,466,V,MET108,108,2.975363,Other,CD2,O
C,LEU466,466,V,THR110,110,3.2228508,Other,CD2,OG1
C,ARG467,467,V,THR110,110,4.3617864,Other,N,OG1
C,ARG467,467,V,THR60,60,3.9656086,Hydrophobic,C,CG2
C,ARG467,467,V,THR60,60,3.6289625,Other,O,CG2
C,ARG467,467,V,PHE67,67,4.249069,Other,O,CE2
C,ARG467,467,V,CYS58,58,4.3788414,Other,CB,O
C,ARG467,467,V,THR60,60,4.0992894,Other,CB,N
C,ARG467,467,V,THR60,60,4.4589906,Hydrophobic,CB,CB
C,ARG467,467,V,THR60,60,3.9994526,Hydrophobic,CB,CG2
C,ARG467,467,V,CYS58,58,4.1759458,Hydrophobic,CG,C
C,ARG467,467,V,CYS58,58,3.6692154,Other,CG,O
C,ARG467,467,V,CYS58,58,4.4354706,Hydrophobic,CG,CB
C,ARG467,467,V,THR110,110,3.9900043,Hydrophobic,CG,CB
C,ARG467,467,V,THR110,110,4.387545,Other,CG,OG1
C,ARG467,467,V,THR110,110,4.265305,Hydrophobic,CG,CG2
C,ARG467,467,V,CYS58,58,3.9531898,Other,CD,O
C,ARG467,467,V,CYS58,58,4.4159107,Other,NE,O
C,ARG467,467,V,THR57,57,4.1835103,Other,NH1,CB
C,ARG467,467,V,THR57,57,4.4320955,Other,NH1,OG1
C,ARG467,467,V,CYS58,58,4.3802443,Other,NH1,O
C,ARG467,467,V,ASP111,111,4.23795,Other,NH2,CB
C,ARG467,467,V,ASP111,111,4.239366,Other,NH2,CG
C,ARG467,467,V,ASP111,111,4.3405237,Other,NH2,OD2
C,GLU468,468,V,THR60,60,4.3439,Other,N,CG2
C,GLU468,468,V,THR60,60,4.4359293,Hydrophobic,CA,CG2
C,GLU468,468,V,PHE67,67,4.469838,Hydrophobic,CA,CG
C,GLU468,468,V,PHE67,67,3.9687655,Hydrophobic,CA,CD2
C,GLU468,468,V,PHE67,67,3.8594992,Hydrophobic,CA,CE2
C,GLU468,468,V,PHE67,67,4.273243,Hydrophobic,CA,CZ
C,GLU468,468,V,PHE67,67,4.347009,Hydrophobic,C,CE2
C,GLU468,468,V,PHE67,67,4.2854877,Hydrophobic,C,CZ
C,GLU468,468,V,PHE67,67,4.243669,Other,O,CE1
C,GLU468,468,V,PHE67,67,4.130112,Other,O,CE2
C,GLU468,468,V,PHE67,67,3.8069882,Other,O,CZ
C,GLU468,468,V,PHE67,67,4.4388523,Hydrophobic,CB,CB
C,GLU468,468,V,PHE67,67,4.0749745,Hydrophobic,CB,CG
C,GLU468,468,V,PHE67,67,3.9442852,Hydrophobic,CB,CD2
C,GLU468,468,V,PHE67,67,4.322025,Hydrophobic,CB,CE2
C,GLU468,468,V,THR65,65,3.9873905,Other,OE2,OG1
C,GLU468,468,V,THR65,65,4.2483845,Other,OE2,CG2
C,SER469,469,V,PHE67,67,4.333903,Other,OG,CE1
D,ALA511,511,V,ASN66,66,4.4974723,Hydrophobic,CA,CG
D,ALA511,511,V,ASN66,66,3.7022579,Other,CA,ND2
D,ALA511,511,V,ASN66,66,4.124185,Hydrophobic,CB,CG
D,ALA511,511,V,ASN66,66,3.9621875,Other,CB,OD1
D,ALA511,511,V,ASN66,66,3.406934,Other,CB,ND2
D,PRO512,512,V,ASN66,66,4.3812385,Other,N,ND2
D,PRO512,512,V,ASN66,66,3.8874907,Other,CD,ND2
D,ARG514,514,V,ASN66,66,3.894677,Other,NE,ND2
D,ARG514,514,V,ASN66,66,4.1864166,Hydrophobic,CZ,CG
D,ARG514,514,V,ASN66,66,4.235836,Other,CZ,OD1
D,ARG514,514,V,ASN66,66,3.7053933,Other,CZ,ND2
D,ARG514,514,V,ASN66,66,4.329125,Other,NH1,N
D,ARG514,514,V,ASN66,66,4.0403996,Other,NH1,CB
D,ARG514,514,V,ASN66,66,2.9184399,Other,NH1,CG
D,ARG514,514,V,ASN66,66,2.9351852,Hydrogen Bond,NH1,OD1
D,ARG514,514,V,ASN66,66,2.6738074,Hydrogen Bond,NH1,ND2
E,GLN490,490,V,MET42,42,3.7376683,Other,O,CE
E,GLN490,490,V,MET42,42,4.1024413,Hydrophobic,CD,CE
E,GLN490,490,V,MET42,42,3.9978344,Other,NE2,SD
E,GLN490,490,V,MET42,42,3.137766,Other,NE2,CE
E,ARG491,491,V,VAL44,44,4.367951,Hydrophobic,C,CG1
E,ARG491,491,V,MET42,42,4.2905464,Other,O,CE
E,ARG491,491,V,VAL44,44,3.5275667,Other,O,CG1
E,ARG491,491,V,MET42,42,4.4649935,Hydrophobic,CB,CE
E,ARG491,491,V,VAL44,44,4.063014,Hydrophobic,CB,CG1
E,ARG491,491,V,VAL44,44,4.3635297,Hydrophobic,CG,CB
E,ARG491,491,V,VAL44,44,3.3146286,Hydrophobic,CG,CG1
E,ARG491,491,V,MET42,42,4.1045713,Hydrophobic,CD,CG
E,ARG491,491,V,VAL44,44,4.106308,Hydrophobic,CD,CB
E,ARG491,491,V,VAL44,44,3.2334633,Hydrophobic,CD,CG1
E,ARG491,491,V,VAL44,44,4.0615025,Hydrophobic,CD,CG2
E,ARG491,491,V,VAL44,44,4.4094296,Other,NE,CG1
E,ARG491,491,V,GLY107,107,4.079507,Other,NE,CA
E,ARG491,491,V,MET42,42,4.450303,Other,NH1,CG
E,GLN493,493,V,MET42,42,4.3571243,Hydrophobic,C,CE
E,GLN493,493,V,MET42,42,3.2097824,Other,O,CE
E,GLN493,493,V,MET42,42,4.379284,Other,CG,O
E,GLN493,493,V,MET42,42,4.4906096,Hydrophobic,CG,CE
E,GLN493,493,V,MET42,42,3.3885405,Other,CD,O
E,GLN493,493,V,MET42,42,4.1274467,Hydrophobic,CD,CE
E,GLN493,493,V,MET42,42,4.256534,Other,OE1,C
E,GLN493,493,V,MET42,42,3.0975223,Hydrogen Bond,OE1,O
E,GLN493,493,V,HIS43,43,4.46032,Other,OE1,CA
E,GLN493,493,V,HIS43,43,4.1067743,Other,OE1,C
E,GLN493,493,V,HIS43,43,4.112924,Other,OE1,O
E,GLN493,493,V,HIS43,43,3.8724155,Other,OE1,CB
E,GLN493,493,V,VAL44,44,4.431955,Other,OE1,N
E,GLN493,493,V,MET42,42,3.4918163,Hydrogen Bond,NE2,O
E,GLN493,493,V,MET42,42,4.2944164,Other,NE2,CG
E,GLN493,493,V,MET42,42,4.4331074,Other,NE2,SD
E,GLN493,493,V,MET42,42,3.2448547,Other,NE2,CE
E,GLN493,493,V,VAL44,44,4.140528,Other,NE2,CG1
E,GLY531,531,V,ARG112,112,4.347994,Other,C,NH2
E,GLY531,531,V,ARG112,112,4.1397405,Other,O,CZ
E,GLY531,531,V,ARG112,112,3.2687247,Hydrogen Bond,O,NH2
