source,target,interaction_type,dG
ARG45,LEU466,other,0
ARG45,GLU468,salt_bridge,0
ARG45,ARG451,other,0
MET52,GLU526,other,0
THR57,ARG467,other,0
THR57,GLU525,other,0
CYS58,ARG467,other,0
GLY59,ARG467,other,0
GLY59,GLU525,other,0
THR60,LEU466,other,0
THR60,ARG467,other,0
THR60,GLU468,other,0
SER63,GLU468,other,0
THR65,GLU468,other,0
THR65,ARG451,other,0
ASN66,ALA511,other,0
ASN66,ARG514,other,0
PHE67,ARG467,other,0
PHE67,GLU468,other,0
PHE67,SER469,other,0
PHE67,SER524,other,0
LYS69,GLU526,salt_bridge,0
GLU71,GLU526,other,0
GLY107,LEU466,other,0
MET108,GLU462,other,0
MET108,ASN465,other,0
MET108,LEU466,hydrophobic,0
MET108,ARG451,other,0
MET108,ASP453,other,0
ASN109,ASN465,hbond,0
THR110,ASN465,hbond,0
THR110,LEU466,other,0
THR110,ARG467,other,0
ASP111,ASN465,other,0
ASP111,ARG467,salt_bridge,0
ARG45,LEU466,other,0
ARG45,GLU468,salt_bridge,0
MET52,GLU526,other,0
THR57,ARG467,other,0
THR57,GLU525,other,0
CYS58,ARG467,other,0
GLY59,ARG467,other,0
GLY59,GLU525,other,0
THR60,LEU466,other,0
THR60,ARG467,other,0
THR60,GLU468,other,0
SER63,GLU468,other,0
THR64,ARG514,other,0
THR65,ASP453,other,0
THR65,ARG514,other,0
THR65,GLU468,other,0
ASN66,ALA511,other,0
ASN66,PRO512,other,0
ASN66,ARG514,other,0
PHE67,ARG467,other,0
PHE67,GLU468,other,0
PHE67,SER469,other,0
LYS69,GLU526,salt_bridge,0
GLU71,GLU526,other,0
GLY107,LEU466,other,0
MET108,ASP453,other,0
MET108,GLU462,other,0
MET108,ASN465,other,0
MET108,LEU466,hydrophobic,0
ASN109,ASN465,hbond,0
ASN109,LEU466,other,0
ASN109,ARG467,other,0
THR110,ASN465,hbond,0
THR110,LEU466,other,0
THR110,ARG467,other,0
ASP111,ASN465,other,0
ASP111,ARG467,salt_bridge,0
ARG45,LEU466,other,0
ARG45,GLU468,salt_bridge,0
THR57,ARG467,other,0
CYS58,ARG467,other,0
GLY59,ARG467,other,0
GLY59,GLU526,other,0
THR60,LEU466,other,0
THR60,ARG467,other,0
THR60,GLU468,other,0
THR60,GLU526,other,0
SER63,GLU468,other,0
THR64,GLU468,other,0
THR65,ARG514,other,0
THR65,GLU468,other,0
ASN66,PRO512,other,0
ASN66,ARG514,other,0
PHE67,ARG467,other,0
PHE67,GLU468,other,0
PHE67,GLU526,other,0
LYS69,GLU526,salt_bridge,0
GLY107,TYR576,other,0
MET108,ARG451,other,0
MET108,ASP453,other,0
MET108,ASN465,other,0
MET108,LEU466,hydrophobic,0
MET108,TYR576,other,0
ASN109,ASN465,hbond,0
ASN109,LEU466,other,0
ASN109,THR571,hbond,0
ASN109,TYR576,hbond,0
THR110,ASN465,hbond,0
THR110,LEU466,other,0
THR110,ARG467,other,0
ASP111,ASN465,other,0
ASP111,ARG467,salt_bridge,0
ARG112,THR571,other,0
ARG112,ALA572,other,0
ARG112,TYR576,other,0
GLY113,TYR576,other,0
HIS43,ARG451,other,0
VAL44,ARG451,other,0
ARG45,LEU466,other,0
ARG45,GLU468,salt_bridge,0
MET52,GLU526,other,0
SER55,GLU526,other,0
THR57,ARG467,other,0
CYS58,ARG467,other,0
CYS58,GLU526,other,0
GLY59,GLU526,other,0
THR60,LEU466,other,0
THR60,ARG467,other,0
THR60,GLU468,other,0
VAL62,GLU468,other,0
SER63,GLU468,other,0
THR64,ARG514,other,0
THR65,ARG514,other,0
THR65,GLU468,other,0
ASN66,GLN510,hbond,0
ASN66,ALA511,other,0
ASN66,PRO512,other,0
ASN66,ARG514,other,0
PHE67,ARG467,other,0
PHE67,GLU468,other,0
PHE67,SER469,other,0
PHE67,SER524,other,0
ILE68,GLU468,other,0
LYS69,ARG467,other,0
LYS69,GLU468,salt_bridge,0
LYS69,SER524,other,0
LYS69,GLU526,salt_bridge,0
LYS73,GLN510,other,0
MET108,ASN465,other,0
MET108,LEU466,hydrophobic,0
ASN109,ASN465,hbond,0
ASN109,LEU466,other,0
ASN109,THR571,hbond,0
THR110,ASN465,hbond,0
THR110,LEU466,other,0
THR110,ARG467,other,0
ASP111,ASN465,other,0
ASP111,ARG467,salt_bridge,0
ARG112,THR571,other,0
ARG112,ALA572,other,0
ARG112,THR574,other,0
GLU41,GLN493,other,0
MET42,GLN493,other,0
HIS43,GLN493,other,0
VAL44,ARG491,other,0
VAL44,GLN493,other,0
ARG45,LEU466,other,0
ARG45,GLU468,salt_bridge,0
MET52,ARG467,other,0
MET52,GLU525,other,0
MET52,GLU526,other,0
THR57,ARG467,other,0
CYS58,ARG467,other,0
GLY59,ARG467,other,0
THR60,LEU466,other,0
THR60,ARG467,other,0
THR60,GLU468,other,0
SER63,GLU468,other,0
THR65,GLU468,other,0
ASN66,GLN510,hbond,0
ASN66,ALA511,other,0
ASN66,PRO512,other,0
ASN66,ARG514,other,0
PHE67,GLU468,other,0
LYS69,SER524,other,0
LYS69,GLU526,salt_bridge,0
GLY107,ARG491,other,0
MET108,ARG451,other,0
MET108,ASN465,other,0
MET108,LEU466,hydrophobic,0
ASN109,ASN465,hbond,0
ASN109,LEU466,other,0
THR110,ASN465,hbond,0
THR110,LEU466,other,0
THR110,ARG467,other,0
ASP111,ASN465,other,0
ARG112,THR530,other,0
ARG112,GLY531,other,0
ARG112,GLU532,salt_bridge,0
MET42,GLN490,other,0
MET42,GLN493,other,0
MET42,PRO494,hydrophobic,0
MET42,LEU495,hydrophobic,0
HIS43,GLN493,other,0
VAL44,ARG491,other,0
VAL44,GLN493,other,0
ARG45,LEU466,other,0
MET52,GLU526,other,0
THR57,ARG467,other,0
CYS58,ARG467,other,0
GLY59,ARG467,other,0
GLY59,GLU526,other,0
THR60,LEU466,other,0
THR60,ARG467,other,0
THR60,GLU468,other,0
THR60,GLU526,other,0
SER63,GLU468,other,0
THR65,GLU468,other,0
ASN66,ALA511,other,0
ASN66,PRO512,other,0
ASN66,ARG514,other,0
PHE67,GLU468,other,0
LYS69,GLU526,salt_bridge,0
LYS73,GLN510,other,0
GLY107,ARG491,other,0
MET108,ARG491,other,0
MET108,ASN465,other,0
MET108,LEU466,hydrophobic,0
ASN109,ASN465,hbond,0
ASN109,LEU466,other,0
THR110,ASN465,hbond,0
THR110,LEU466,other,0
THR110,ARG467,other,0
ASP111,ASN465,other,0
ASP111,ARG467,salt_bridge,0
ARG112,THR530,other,0
MET42,GLN490,other,0
MET42,ARG491,other,0
MET42,GLN493,other,0
VAL44,ARG491,other,0
ARG45,ASN465,other,0
ARG45,LEU466,other,0
ARG45,ARG467,other,0
ARG45,GLU468,salt_bridge,0
CYS58,ARG467,other,0
CYS58,GLU525,other,0
GLY59,ARG467,other,0
GLY59,GLU525,other,0
GLY59,GLU526,other,0
THR60,LEU466,other,0
THR60,ARG467,other,0
THR60,GLU468,other,0
THR60,GLU526,other,0
SER63,GLU468,other,0
THR65,ARG514,other,0
THR65,GLU468,other,0
ASN66,ALA511,other,0
ASN66,ARG514,other,0
PHE67,ARG467,other,0
PHE67,GLU468,other,0
PHE67,SER469,other,0
LYS69,GLU526,salt_bridge,0
GLY107,ARG491,other,0
MET108,ASN465,other,0
MET108,LEU466,hydrophobic,0
ASN109,ASN465,hbond,0
ASN109,LEU466,other,0
THR110,ASN465,hbond,0
THR110,LEU466,other,0
THR110,ARG467,other,0
ASP111,ASN465,other,0
ASP111,ARG467,salt_bridge,0
ARG45,LEU466,other,0
ARG45,GLU468,salt_bridge,0
THR57,ARG467,other,0
CYS58,ARG467,other,0
GLY59,ARG467,other,0
GLY59,GLU525,other,0
THR60,LEU466,other,0
THR60,ARG467,other,0
THR60,GLU468,other,0
THR60,GLU525,other,0
SER63,GLU468,other,0
THR65,GLU468,other,0
PHE67,ARG467,other,0
PHE67,GLU468,other,0
PHE67,SER524,other,0
PHE67,GLU525,other,0
LYS69,GLU526,salt_bridge,0
MET108,GLU462,other,0
MET108,ASN465,other,0
MET108,LEU466,hydrophobic,0
ASN109,ASN465,hbond,0
THR110,ASN465,hbond,0
THR110,LEU466,other,0
THR110,ARG467,other,0
ASP111,ASN465,other,0
ASP111,ARG467,salt_bridge,0
ARG45,LEU466,other,0
ARG45,GLU468,salt_bridge,0
THR57,ARG467,other,0
CYS58,ARG467,other,0
GLY59,ARG467,other,0
THR60,LEU466,other,0
THR60,ARG467,other,0
THR60,GLU468,other,0
SER63,GLU468,other,0
THR65,GLU468,other,0
PHE67,ARG467,other,0
PHE67,GLU468,other,0
PHE67,SER469,other,0
MET108,ASN465,other,0
MET108,LEU466,hydrophobic,0
ASN109,ASN465,hbond,0
ASN109,SER65,hbond,0
ASN109,ASP66,other,0
THR110,ASN465,hbond,0
THR110,LEU466,other,0
THR110,ARG467,other,0
ASP111,ARG467,salt_bridge,0
ARG112,HIS63,other,0
ARG112,LEU64,other,0
ARG112,SER65,other,0
ARG112,ASP66,salt_bridge,0
MET42,GLN493,other,0
HIS43,GLN493,other,0
VAL44,ARG491,other,0
VAL44,GLN493,other,0
THR65,ARG514,other,0
ASN66,HIS450,other,0
ASN66,ARG514,other,0
ALA106,ARG491,other,0
GLY107,ARG491,other,0
MET108,ARG491,other,0
MET108,ASP453,other,0
ASN109,ARG491,other,0
ARG112,THR530,other,0
GLY113,ARG491,other,0
MET42,GLN490,other,0
MET42,ARG491,other,0
MET42,GLN493,other,0
MET42,PRO494,hydrophobic,0
HIS43,GLN493,other,0
VAL44,ARG491,other,0
VAL44,GLN493,other,0
ASN66,ALA511,other,0
ASN66,PRO512,other,0
ASN66,ARG514,other,0
ALA106,ARG491,other,0
GLY107,ARG491,other,0
ARG112,THR530,other,0
ARG112,GLY531,other,0
ILE19,ILE19,hydrophobic,0
ILE19,LEU20,hydrophobic,0
ILE19,PRO21,hydrophobic,0
ILE19,GLU22,other,0
ILE19,LYS117,other,0
LEU20,ILE19,hydrophobic,0
LEU20,LEU20,hydrophobic,0
LEU20,PRO21,hydrophobic,0
LEU20,GLU22,other,0
LEU20,THR115,other,0
LEU20,GLN116,other,0
LEU20,LYS117,other,0
PRO21,ILE19,hydrophobic,0
PRO21,LEU20,hydrophobic,0
PRO21,PRO21,hydrophobic,0
PRO21,GLU22,other,0
PRO21,VAL23,hydrophobic,0
PRO21,THR115,other,0
PRO21,GLN116,other,0
PRO21,LYS117,other,0
GLU22,ILE19,other,0
GLU22,LEU20,other,0
GLU22,PRO21,other,0
GLU22,GLU22,other,0
GLU22,VAL23,other,0
GLU22,LYS24,salt_bridge,0
GLU22,LYS117,salt_bridge,0
VAL23,PRO21,hydrophobic,0
VAL23,GLU22,other,0
VAL23,VAL23,hydrophobic,0
VAL23,LYS24,other,0
VAL23,VAL25,hydrophobic,0
VAL23,GLN116,other,0
VAL23,LYS117,other,0
VAL23,VAL118,hydrophobic,0
VAL23,THR119,other,0
LYS24,GLU22,salt_bridge,0
LYS24,VAL23,other,0
LYS24,LYS24,other,0
LYS24,VAL25,other,0
LYS24,GLU26,salt_bridge,0
LYS24,VAL118,other,0
LYS24,THR119,other,0
LYS24,ASN121,other,0
VAL25,VAL23,hydrophobic,0
VAL25,LYS24,other,0
VAL25,VAL25,hydrophobic,0
VAL25,GLU26,other,0
VAL25,GLY27,other,0
VAL25,THR34,other,0
VAL25,ILE35,hydrophobic,0
VAL25,VAL118,hydrophobic,0
VAL25,THR119,other,0
VAL25,LEU120,hydrophobic,0
VAL25,ASN121,other,0
GLU26,LYS24,salt_bridge,0
GLU26,VAL25,other,0
GLU26,GLU26,other,0
GLU26,GLY27,other,0
GLU26,GLU28,other,0
GLU26,VAL33,other,0
GLU26,THR119,other,0
GLU26,ASN121,other,0
GLU26,HIS123,other,0
GLY27,VAL25,other,0
GLY27,GLU26,other,0
GLY27,GLY27,other,0
GLY27,GLU28,other,0
GLY27,LEU29,other,0
GLY27,SER32,other,0
GLY27,ASN121,other,0
GLY27,VAL122,other,0
GLY27,HIS123,other,0
GLU28,GLU26,other,0
GLU28,GLY27,other,0
GLU28,GLU28,other,0
GLU28,LEU29,other,0
GLU28,GLY30,other,0
GLU28,ASN121,other,0
GLU28,VAL122,other,0
GLU28,HIS123,other,0
LEU29,GLY27,other,0
LEU29,GLU28,other,0
LEU29,LEU29,hydrophobic,0
LEU29,GLY30,other,0
LEU29,GLY31,other,0
LEU29,SER32,other,0
LEU29,VAL122,hydrophobic,0
LEU29,HIS123,other,0
LEU29,SER124,other,0
GLY30,GLU28,other,0
GLY30,LEU29,other,0
GLY30,GLY30,other,0
GLY30,GLY31,other,0
GLY30,SER32,other,0
GLY30,LEU94,other,0
GLY30,VAL122,other,0
GLY30,SER124,other,0
GLY31,LEU29,other,0
GLY31,GLY30,other,0
GLY31,GLY31,other,0
GLY31,SER32,other,0
GLY31,VAL33,other,0
GLY31,THR92,other,0
GLY31,GLN93,other,0
GLY31,LEU94,other,0
SER32,GLY27,other,0
SER32,LEU29,other,0
SER32,GLY30,other,0
SER32,GLY31,other,0
SER32,SER32,hbond,0
SER32,VAL33,other,0
SER32,THR34,hbond,0
SER32,VAL91,other,0
SER32,THR92,hbond,0
SER32,GLN93,hbond,0
VAL33,GLU26,other,0
VAL33,GLY31,other,0
VAL33,SER32,other,0
VAL33,VAL33,hydrophobic,0
VAL33,THR34,other,0
VAL33,ILE35,hydrophobic,0
VAL33,VAL89,hydrophobic,0
VAL33,GLU90,other,0
VAL33,VAL91,hydrophobic,0
VAL33,GLN93,other,0
VAL33,LEU120,hydrophobic,0
THR34,VAL25,other,0
THR34,SER32,hbond,0
THR34,VAL33,other,0
THR34,THR34,hbond,0
THR34,ILE35,other,0
THR34,LYS36,other,0
THR34,LEU88,other,0
THR34,VAL89,other,0
THR34,GLU90,other,0
ILE35,VAL25,hydrophobic,0
ILE35,VAL33,hydrophobic,0
ILE35,THR34,other,0
ILE35,ILE35,hydrophobic,0
ILE35,LYS36,other,0
ILE35,CYS37,other,0
ILE35,LEU48,hydrophobic,0
ILE35,PHE87,hydrophobic,0
ILE35,LEU88,hydrophobic,0
ILE35,VAL89,hydrophobic,0
ILE35,GLU90,other,0
ILE35,TYR102,other,0
ILE35,VAL118,hydrophobic,0
LYS36,THR34,other,0
LYS36,ILE35,other,0
LYS36,LYS36,other,0
LYS36,CYS37,other,0
LYS36,PRO38,other,0
LYS36,LEU86,other,0
LYS36,PHE87,other,0
LYS36,LEU88,other,0
LYS36,GLN116,other,0
CYS37,ILE35,other,0
CYS37,LYS36,other,0
CYS37,CYS37,other,0
CYS37,PRO38,other,0
CYS37,LEU39,other,0
CYS37,ASN85,other,0
CYS37,LEU86,other,0
CYS37,PHE87,other,0
CYS37,ALA103,other,0
CYS37,CYS104,other,0
CYS37,GLN116,other,0
PRO38,LYS36,other,0
PRO38,CYS37,other,0
PRO38,PRO38,hydrophobic,0
PRO38,LEU39,hydrophobic,0
PRO38,PRO40,hydrophobic,0
PRO38,ASN85,other,0
PRO38,LEU86,hydrophobic,0
PRO38,PHE87,hydrophobic,0
PRO38,THR115,other,0
PRO38,GLN116,other,0
LEU39,CYS37,other,0
LEU39,PRO38,hydrophobic,0
LEU39,LEU39,hydrophobic,0
LEU39,PRO40,hydrophobic,0
LEU39,GLU41,other,0
LEU39,ILE46,hydrophobic,0
LEU39,GLN80,other,0
LEU39,TYR81,other,0
LEU39,PRO82,hydrophobic,0
LEU39,ASN85,other,0
LEU39,LEU86,hydrophobic,0
LEU39,PHE87,hydrophobic,0
PRO40,PRO38,hydrophobic,0
PRO40,LEU39,hydrophobic,0
PRO40,PRO40,hydrophobic,0
PRO40,GLU41,other,0
PRO40,MET42,hydrophobic,0
PRO40,HIS43,other,0
PRO40,ILE46,hydrophobic,0
PRO40,ALA106,hydrophobic,0
GLU41,LEU39,other,0
GLU41,PRO40,other,0
GLU41,GLU41,other,0
GLU41,MET42,other,0
GLU41,HIS43,other,0
GLU41,PRO82,other,0
GLU41,ASN85,other,0
MET42,PRO40,hydrophobic,0
MET42,GLU41,other,0
MET42,MET42,hydrophobic,0
MET42,HIS43,other,0
MET42,VAL44,hydrophobic,0
MET42,ASP131,other,0
MET42,TYR134,other,0
HIS43,PRO40,other,0
HIS43,GLU41,other,0
HIS43,MET42,other,0
HIS43,HIS43,other,0
HIS43,VAL44,other,0
HIS43,ARG45,other,0
HIS43,ALA106,other,0
HIS43,GLY107,other,0
HIS43,ARG105,other,0
HIS43,ASP131,other,0
VAL44,ARG451,other,0
VAL44,MET42,hydrophobic,0
VAL44,HIS43,other,0
VAL44,VAL44,hydrophobic,0
VAL44,ARG45,other,0
VAL44,ILE46,hydrophobic,0
VAL44,THR64,other,0
VAL44,THR65,other,0
VAL44,MET108,hydrophobic,0
VAL44,ASP131,other,0
VAL44,TYR134,other,0
ARG45,ASN465,other,0
ARG45,LEU466,other,0
ARG45,GLU468,salt_bridge,0
ARG45,HIS43,other,0
ARG45,VAL44,other,0
ARG45,ARG45,other,0
ARG45,ILE46,other,0
ARG45,TYR47,other,0
ARG45,THR60,other,0
ARG45,SER63,other,0
ARG45,THR64,other,0
ARG45,THR65,other,0
ARG45,GLY105,other,0
ARG45,ALA106,other,0
ARG45,GLY107,other,0
ARG45,MET108,other,0
ARG45,ASN109,other,0
ARG45,THR110,other,0
ILE46,LEU39,hydrophobic,0
ILE46,PRO40,hydrophobic,0
ILE46,VAL44,hydrophobic,0
ILE46,ARG45,other,0
ILE46,ILE46,hydrophobic,0
ILE46,TYR47,other,0
ILE46,LEU48,hydrophobic,0
ILE46,VAL62,hydrophobic,0
ILE46,SER63,other,0
ILE46,THR64,other,0
ILE46,LEU78,hydrophobic,0
ILE46,GLN80,other,0
ILE46,PHE87,hydrophobic,0
ILE46,GLY105,other,0
ILE46,ALA106,hydrophobic,0
TYR47,ARG45,other,0
TYR47,ILE46,other,0
TYR47,TYR47,hbond,0
TYR47,LEU48,other,0
TYR47,CYS49,other,0
TYR47,THR60,hbond,0
TYR47,VAL62,other,0
TYR47,SER63,hbond,0
TYR47,PHE87,other,0
TYR47,ALA103,other,0
TYR47,CYS104,other,0
TYR47,GLY105,other,0
TYR47,ALA106,other,0
TYR47,GLY107,other,0
TYR47,ASN109,hbond,0
TYR47,THR110,hbond,0
TYR47,ASP111,other,0
TYR47,GLY113,other,0
TYR47,LYS114,other,0
LEU48,ILE35,hydrophobic,0
LEU48,ILE46,hydrophobic,0
LEU48,TYR47,other,0
LEU48,LEU48,hydrophobic,0
LEU48,CYS49,other,0
LEU48,ARG50,other,0
LEU48,VAL61,hydrophobic,0
LEU48,VAL62,hydrophobic,0
LEU48,VAL89,hydrophobic,0
LEU48,TYR102,other,0
LEU48,ALA103,hydrophobic,0
LEU48,CYS104,other,0
LEU48,VAL118,hydrophobic,0
CYS49,TYR47,other,0
CYS49,LEU48,other,0
CYS49,CYS49,other,0
CYS49,ARG50,other,0
CYS49,GLU51,other,0
CYS49,CYS58,other,0
CYS49,GLY59,other,0
CYS49,THR60,other,0
CYS49,VAL61,other,0
CYS49,TYR102,other,0
CYS49,ALA103,other,0
CYS49,THR110,other,0
CYS49,LYS114,other,0
ARG50,LEU48,other,0
ARG50,CYS49,other,0
ARG50,ARG50,other,0
ARG50,GLU51,salt_bridge,0
ARG50,MET52,other,0
ARG50,CYS58,other,0
ARG50,GLY59,other,0
ARG50,VAL61,other,0
ARG50,TYR72,other,0
ARG50,SER97,other,0
ARG50,ASP98,salt_bridge,0
ARG50,SER99,other,0
ARG50,GLY100,other,0
ARG50,VAL101,other,0
ARG50,TYR102,other,0
ARG50,ALA103,other,0
GLU51,CYS49,other,0
GLU51,ARG50,salt_bridge,0
GLU51,GLU51,other,0
GLU51,MET52,other,0
GLU51,ALA53,other,0
GLU51,GLY56,other,0
GLU51,THR57,other,0
GLU51,CYS58,other,0
GLU51,GLY59,other,0
GLU51,VAL101,other,0
GLU51,TYR102,other,0
GLU51,ALA103,other,0
GLU51,LYS114,salt_bridge,0
GLU51,LYS117,salt_bridge,0
GLU51,VAL118,other,0
MET52,ARG50,other,0
MET52,GLU51,other,0
MET52,MET52,hydrophobic,0
MET52,ALA53,hydrophobic,0
MET52,GLY54,other,0
MET52,SER99,other,0
MET52,GLY100,other,0
MET52,VAL101,hydrophobic,0
ALA53,GLU51,other,0
ALA53,MET52,hydrophobic,0
ALA53,ALA53,hydrophobic,0
ALA53,GLY54,other,0
ALA53,SER55,other,0
ALA53,GLY56,other,0
ALA53,THR57,other,0
GLY54,MET52,other,0
GLY54,ALA53,other,0
GLY54,GLY54,other,0
GLY54,SER55,other,0
GLY54,GLY56,other,0
SER55,ALA53,other,0
SER55,GLY54,other,0
SER55,SER55,hbond,0
SER55,GLY56,other,0
SER55,THR57,hbond,0
GLY56,GLU51,other,0
GLY56,ALA53,other,0
GLY56,GLY54,other,0
GLY56,SER55,other,0
GLY56,GLY56,other,0
GLY56,THR57,other,0
GLY56,CYS58,other,0
GLY56,ASP111,other,0
GLY56,LYS114,other,0
THR57,ARG467,other,0
THR57,GLU51,other,0
THR57,ALA53,other,0
THR57,SER55,hbond,0
THR57,GLY56,other,0
THR57,THR57,hbond,0
THR57,CYS58,other,0
THR57,GLY59,other,0
THR57,ASP111,other,0
CYS58,ARG467,other,0
CYS58,CYS49,other,0
CYS58,ARG50,other,0
CYS58,GLU51,other,0
CYS58,GLY56,other,0
CYS58,THR57,other,0
CYS58,CYS58,other,0
CYS58,GLY59,other,0
CYS58,THR60,other,0
CYS58,THR110,other,0
CYS58,ASP111,other,0
CYS58,LYS114,other,0
GLY59,ARG467,other,0
GLY59,CYS49,other,0
GLY59,ARG50,other,0
GLY59,GLU51,other,0
GLY59,THR57,other,0
GLY59,CYS58,other,0
GLY59,GLY59,other,0
GLY59,THR60,other,0
GLY59,VAL61,other,0
GLY59,THR110,other,0
THR60,LEU466,other,0
THR60,ARG467,other,0
THR60,GLU468,other,0
THR60,ARG45,other,0
THR60,TYR47,hbond,0
THR60,CYS49,other,0
THR60,CYS58,other,0
THR60,GLY59,other,0
THR60,THR60,hbond,0
THR60,VAL61,other,0
THR60,VAL62,other,0
THR60,SER63,hbond,0
THR60,PHE67,other,0
THR60,LYS69,other,0
THR60,THR110,hbond,0
VAL61,LEU48,hydrophobic,0
VAL61,CYS49,other,0
VAL61,ARG50,other,0
VAL61,GLY59,other,0
VAL61,THR60,other,0
VAL61,VAL61,hydrophobic,0
VAL61,VAL62,hydrophobic,0
VAL61,SER63,other,0
VAL61,PHE67,hydrophobic,0
VAL61,ILE68,hydrophobic,0
VAL61,LYS69,other,0
VAL61,TYR72,other,0
VAL61,TYR102,other,0
VAL62,ILE46,hydrophobic,0
VAL62,TYR47,other,0
VAL62,LEU48,hydrophobic,0
VAL62,THR60,other,0
VAL62,VAL61,hydrophobic,0
VAL62,VAL62,hydrophobic,0
VAL62,SER63,other,0
VAL62,THR64,other,0
VAL62,PHE67,hydrophobic,0
VAL62,ILE68,hydrophobic,0
VAL62,VAL76,hydrophobic,0
VAL62,THR77,other,0
VAL62,LEU78,hydrophobic,0
VAL62,VAL89,hydrophobic,0
SER63,GLU468,other,0
SER63,ARG45,other,0
SER63,ILE46,other,0
SER63,TYR47,hbond,0
SER63,THR60,hbond,0
SER63,VAL61,other,0
SER63,VAL62,other,0
SER63,SER63,hbond,0
SER63,THR64,hbond,0
SER63,THR65,hbond,0
SER63,ASN66,hbond,0
SER63,PHE67,other,0
THR64,GLU468,other,0
THR64,VAL44,other,0
THR64,ARG45,other,0
THR64,ILE46,other,0
THR64,VAL62,other,0
THR64,SER63,hbond,0
THR64,THR64,hbond,0
THR64,THR65,hbond,0
THR64,ASN66,hbond,0
THR64,PHE67,other,0
THR64,LEU78,other,0
THR65,HIS450,other,0
THR65,ARG514,other,0
THR65,VAL44,other,0
THR65,ARG45,other,0
THR65,SER63,hbond,0
THR65,THR64,hbond,0
THR65,THR65,hbond,0
THR65,ASN66,hbond,0
THR65,PHE67,other,0
THR65,MET108,other,0
ASN66,GLN510,hbond,0
ASN66,ARG514,other,0
ASN66,GLU468,other,0
ASN66,SER63,hbond,0
ASN66,THR64,hbond,0
ASN66,THR65,hbond,0
ASN66,ASN66,hbond,0
ASN66,PHE67,other,0
ASN66,ILE68,other,0
PHE67,GLN510,other,0
PHE67,ARG467,other,0
PHE67,GLU468,other,0
PHE67,SER469,other,0
PHE67,THR60,other,0
PHE67,VAL61,hydrophobic,0
PHE67,VAL62,hydrophobic,0
PHE67,SER63,other,0
PHE67,THR64,other,0
PHE67,THR65,other,0
PHE67,ASN66,other,0
PHE67,PHE67,hydrophobic,0
PHE67,ILE68,hydrophobic,0
PHE67,LYS69,other,0
ILE68,VAL61,hydrophobic,0
ILE68,VAL62,hydrophobic,0
ILE68,ASN66,other,0
ILE68,PHE67,hydrophobic,0
ILE68,ILE68,hydrophobic,0
ILE68,LYS69,other,0
ILE68,ALA70,hydrophobic,0
ILE68,TYR72,other,0
ILE68,LYS73,other,0
ILE68,GLY74,other,0
ILE68,VAL76,hydrophobic,0
LYS69,GLU526,salt_bridge,0
LYS69,THR60,other,0
LYS69,VAL61,other,0
LYS69,PHE67,other,0
LYS69,ILE68,other,0
LYS69,LYS69,other,0
LYS69,ALA70,other,0
LYS69,GLU71,salt_bridge,0
LYS69,TYR72,other,0
LYS69,LYS73,other,0
ALA70,ILE68,hydrophobic,0
ALA70,LYS69,other,0
ALA70,ALA70,hydrophobic,0
ALA70,GLU71,other,0
ALA70,TYR72,other,0
ALA70,LYS73,other,0
GLU71,LYS69,salt_bridge,0
GLU71,ALA70,other,0
GLU71,GLU71,other,0
GLU71,TYR72,other,0
GLU71,LYS73,salt_bridge,0
GLU71,ARG75,salt_bridge,0
GLU71,SER97,other,0
TYR72,ARG50,other,0
TYR72,VAL61,other,0
TYR72,ILE68,other,0
TYR72,LYS69,other,0
TYR72,ALA70,other,0
TYR72,GLU71,other,0
TYR72,TYR72,hbond,0
TYR72,LYS73,other,0
TYR72,GLY74,other,0
TYR72,ARG75,other,0
TYR72,VAL76,other,0
TYR72,SER97,hbond,0
TYR72,ASP98,other,0
TYR72,SER99,hbond,0
TYR72,TYR102,hbond,0
LYS73,ILE68,other,0
LYS73,LYS69,other,0
LYS73,ALA70,other,0
LYS73,GLU71,salt_bridge,0
LYS73,TYR72,other,0
LYS73,LYS73,other,0
LYS73,GLY74,other,0
LYS73,ARG75,other,0
LYS73,VAL76,other,0
GLY74,ILE68,other,0
GLY74,TYR72,other,0
GLY74,LYS73,other,0
GLY74,GLY74,other,0
GLY74,ARG75,other,0
GLY74,VAL76,other,0
GLY74,THR92,other,0
ARG75,GLU71,salt_bridge,0
ARG75,TYR72,other,0
ARG75,LYS73,other,0
ARG75,GLY74,other,0
ARG75,ARG75,other,0
ARG75,VAL76,other,0
ARG75,THR77,other,0
ARG75,GLU90,salt_bridge,0
ARG75,VAL91,other,0
ARG75,THR92,other,0
ARG75,ASP98,salt_bridge,0
VAL76,VAL62,hydrophobic,0
VAL76,ILE68,hydrophobic,0
VAL76,TYR72,other,0
VAL76,LYS73,other,0
VAL76,GLY74,other,0
VAL76,ARG75,other,0
VAL76,VAL76,hydrophobic,0
VAL76,THR77,other,0
VAL76,LEU78,hydrophobic,0
VAL76,GLU90,other,0
VAL76,VAL91,hydrophobic,0
THR77,VAL62,other,0
THR77,ARG75,other,0
THR77,VAL76,other,0
THR77,THR77,hbond,0
THR77,LEU78,other,0
THR77,LYS79,other,0
THR77,LEU88,other,0
THR77,VAL89,other,0
THR77,GLU90,other,0
LEU78,ILE46,hydrophobic,0
LEU78,VAL62,hydrophobic,0
LEU78,THR64,other,0
LEU78,VAL76,hydrophobic,0
LEU78,THR77,other,0
LEU78,LEU78,hydrophobic,0
LEU78,LYS79,other,0
LEU78,GLN80,other,0
LEU78,PHE87,hydrophobic,0
LEU78,LEU88,hydrophobic,0
LEU78,VAL89,hydrophobic,0
LYS79,THR77,other,0
LYS79,LEU78,other,0
LYS79,LYS79,other,0
LYS79,GLN80,other,0
LYS79,TYR81,other,0
LYS79,LEU86,other,0
LYS79,PHE87,other,0
LYS79,LEU88,other,0
LYS79,VAL89,other,0
GLN80,LEU39,other,0
GLN80,ILE46,other,0
GLN80,LEU78,other,0
GLN80,LYS79,other,0
GLN80,GLN80,hbond,0
GLN80,TYR81,hbond,0
GLN80,PRO82,other,0
GLN80,LEU86,other,0
GLN80,PHE87,other,0
GLN80,LEU88,other,0
TYR81,LEU39,other,0
TYR81,LYS79,other,0
TYR81,GLN80,hbond,0
TYR81,TYR81,hbond,0
TYR81,PRO82,other,0
TYR81,ARG83,other,0
TYR81,LYS84,other,0
TYR81,ASN85,hbond,0
TYR81,LEU86,other,0
TYR81,PHE87,other,0
TYR81,LEU88,other,0
PRO82,LEU39,hydrophobic,0
PRO82,GLU41,other,0
PRO82,GLN80,other,0
PRO82,TYR81,other,0
PRO82,PRO82,hydrophobic,0
PRO82,ARG83,other,0
PRO82,LYS84,other,0
PRO82,ASN85,other,0
PRO82,LEU86,hydrophobic,0
ARG83,TYR81,other,0
ARG83,PRO82,other,0
ARG83,ARG83,other,0
ARG83,LYS84,other,0
ARG83,ASN85,other,0
LYS84,TYR81,other,0
LYS84,PRO82,other,0
LYS84,ARG83,other,0
LYS84,LYS84,other,0
LYS84,ASN85,other,0
LYS84,LEU86,other,0
ASN85,CYS37,other,0
ASN85,PRO38,other,0
ASN85,LEU39,other,0
ASN85,GLU41,other,0
ASN85,TYR81,hbond,0
ASN85,PRO82,other,0
ASN85,ARG83,other,0
ASN85,LYS84,other,0
ASN85,ASN85,hbond,0
ASN85,LEU86,other,0
ASN85,PHE87,other,0
LEU86,LYS36,other,0
LEU86,CYS37,other,0
LEU86,PRO38,hydrophobic,0
LEU86,LEU39,hydrophobic,0
LEU86,LYS79,other,0
LEU86,GLN80,other,0
LEU86,TYR81,other,0
LEU86,PRO82,hydrophobic,0
LEU86,LYS84,other,0
LEU86,ASN85,other,0
LEU86,LEU86,hydrophobic,0
LEU86,PHE87,hydrophobic,0
LEU86,LEU88,hydrophobic,0
PHE87,ILE35,hydrophobic,0
PHE87,LYS36,other,0
PHE87,CYS37,other,0
PHE87,PRO38,hydrophobic,0
PHE87,LEU39,hydrophobic,0
PHE87,ILE46,hydrophobic,0
PHE87,TYR47,other,0
PHE87,LEU78,hydrophobic,0
PHE87,LYS79,other,0
PHE87,GLN80,other,0
PHE87,TYR81,other,0
PHE87,ASN85,other,0
PHE87,LEU86,hydrophobic,0
PHE87,PHE87,hydrophobic,0
PHE87,LEU88,hydrophobic,0
PHE87,VAL89,hydrophobic,0
PHE87,CYS104,other,0
LEU88,THR34,other,0
LEU88,ILE35,hydrophobic,0
LEU88,LYS36,other,0
LEU88,THR77,other,0
LEU88,LEU78,hydrophobic,0
LEU88,LYS79,other,0
LEU88,GLN80,other,0
LEU88,TYR81,other,0
LEU88,LEU86,hydrophobic,0
LEU88,PHE87,hydrophobic,0
LEU88,LEU88,hydrophobic,0
LEU88,VAL89,hydrophobic,0
LEU88,GLU90,other,0
VAL89,VAL33,hydrophobic,0
VAL89,THR34,other,0
VAL89,ILE35,hydrophobic,0
VAL89,LEU48,hydrophobic,0
VAL89,VAL62,hydrophobic,0
VAL89,THR77,other,0
VAL89,LEU78,hydrophobic,0
VAL89,LYS79,other,0
VAL89,PHE87,hydrophobic,0
VAL89,LEU88,hydrophobic,0
VAL89,VAL89,hydrophobic,0
VAL89,GLU90,other,0
VAL89,VAL91,hydrophobic,0
GLU90,VAL33,other,0
GLU90,THR34,other,0
GLU90,ILE35,other,0
GLU90,ARG75,salt_bridge,0
GLU90,VAL76,other,0
GLU90,THR77,other,0
GLU90,LEU88,other,0
GLU90,VAL89,other,0
GLU90,GLU90,other,0
GLU90,VAL91,other,0
GLU90,THR92,other,0
VAL91,SER32,other,0
VAL91,VAL33,hydrophobic,0
VAL91,ARG75,other,0
VAL91,VAL76,hydrophobic,0
VAL91,VAL89,hydrophobic,0
VAL91,GLU90,other,0
VAL91,VAL91,hydrophobic,0
VAL91,THR92,other,0
VAL91,GLN93,other,0
VAL91,ASP98,other,0
THR92,GLY31,other,0
THR92,SER32,hbond,0
THR92,GLY74,other,0
THR92,ARG75,other,0
THR92,GLU90,other,0
THR92,VAL91,other,0
THR92,THR92,hbond,0
THR92,GLN93,hbond,0
THR92,LEU94,other,0
GLN93,GLY31,other,0
GLN93,SER32,hbond,0
GLN93,VAL33,other,0
GLN93,VAL91,other,0
GLN93,THR92,hbond,0
GLN93,GLN93,hbond,0
GLN93,LEU94,other,0
GLN93,THR95,hbond,0
LEU94,GLY30,other,0
LEU94,GLY31,other,0
LEU94,THR92,other,0
LEU94,GLN93,other,0
LEU94,LEU94,hydrophobic,0
LEU94,THR95,other,0
LEU94,GLU96,other,0
LEU94,ASP98,other,0
LEU94,VAL122,hydrophobic,0
LEU94,SER124,other,0
THR95,GLN93,hbond,0
THR95,LEU94,other,0
THR95,THR95,hbond,0
THR95,GLU96,other,0
THR95,SER97,hbond,0
THR95,ASP98,other,0
GLU96,LEU94,other,0
GLU96,THR95,other,0
GLU96,GLU96,other,0
GLU96,SER97,other,0
GLU96,ASP98,other,0
GLU96,SER99,other,0
GLU96,SER124,other,0
SER97,ARG50,other,0
SER97,GLU71,other,0
SER97,TYR72,hbond,0
SER97,THR95,hbond,0
SER97,GLU96,other,0
SER97,SER97,hbond,0
SER97,ASP98,other,0
SER97,SER99,hbond,0
ASP98,ARG50,salt_bridge,0
ASP98,TYR72,other,0
ASP98,ARG75,salt_bridge,0
ASP98,VAL91,other,0
ASP98,LEU94,other,0
ASP98,THR95,other,0
ASP98,GLU96,other,0
ASP98,SER97,other,0
ASP98,ASP98,other,0
ASP98,SER99,other,0
ASP98,GLY100,other,0
ASP98,TYR102,other,0
ASP98,LEU120,other,0
SER99,ARG50,other,0
SER99,MET52,other,0
SER99,TYR72,hbond,0
SER99,GLU96,other,0
SER99,SER97,hbond,0
SER99,ASP98,other,0
SER99,SER99,hbond,0
SER99,GLY100,other,0
SER99,VAL101,other,0
SER99,TYR102,hbond,0
SER99,LEU120,other,0
SER99,ASN121,hbond,0
GLY100,ARG50,other,0
GLY100,MET52,other,0
GLY100,ASP98,other,0
GLY100,SER99,other,0
GLY100,GLY100,other,0
GLY100,VAL101,other,0
GLY100,TYR102,other,0
GLY100,VAL118,other,0
GLY100,THR119,other,0
GLY100,LEU120,other,0
GLY100,ASN121,other,0
VAL101,ARG50,other,0
VAL101,GLU51,other,0
VAL101,MET52,hydrophobic,0
VAL101,SER99,other,0
VAL101,GLY100,other,0
VAL101,VAL101,hydrophobic,0
VAL101,TYR102,other,0
VAL101,ALA103,hydrophobic,0
VAL101,VAL118,hydrophobic,0
VAL101,THR119,other,0
VAL101,LEU120,hydrophobic,0
TYR102,ILE35,other,0
TYR102,LEU48,other,0
TYR102,CYS49,other,0
TYR102,ARG50,other,0
TYR102,GLU51,other,0
TYR102,VAL61,other,0
TYR102,TYR72,hbond,0
TYR102,ASP98,other,0
TYR102,SER99,hbond,0
TYR102,GLY100,other,0
TYR102,VAL101,other,0
TYR102,TYR102,hbond,0
TYR102,ALA103,other,0
TYR102,CYS104,other,0
TYR102,GLN116,hbond,0
TYR102,LYS117,other,0
TYR102,VAL118,other,0
TYR102,THR119,hbond,0
TYR102,LEU120,other,0
ALA103,CYS37,other,0
ALA103,TYR47,other,0
ALA103,LEU48,hydrophobic,0
ALA103,CYS49,other,0
ALA103,ARG50,other,0
ALA103,GLU51,other,0
ALA103,VAL101,hydrophobic,0
ALA103,TYR102,other,0
ALA103,ALA103,hydrophobic,0
ALA103,CYS104,other,0
ALA103,GLY105,other,0
ALA103,LYS114,other,0
ALA103,GLN116,other,0
ALA103,LYS117,other,0
ALA103,VAL118,hydrophobic,0
CYS104,CYS37,other,0
CYS104,TYR47,other,0
CYS104,LEU48,other,0
CYS104,PHE87,other,0
CYS104,TYR102,other,0
CYS104,ALA103,other,0
CYS104,CYS104,other,0
CYS104,GLY105,other,0
CYS104,ALA106,other,0
CYS104,GLY113,other,0
CYS104,LYS114,other,0
CYS104,THR115,other,0
CYS104,GLN116,other,0
GLY105,ARG45,other,0
GLY105,ILE46,other,0
GLY105,TYR47,other,0
GLY105,ALA103,other,0
GLY105,CYS104,other,0
GLY105,GLY105,other,0
GLY105,ALA106,other,0
GLY105,GLY107,other,0
GLY105,GLY113,other,0
GLY105,LYS114,other,0
GLY105,THR115,other,0
ALA106,PRO40,hydrophobic,0
ALA106,HIS43,other,0
ALA106,ARG45,other,0
ALA106,ILE46,hydrophobic,0
ALA106,TYR47,other,0
ALA106,CYS104,other,0
ALA106,GLY105,other,0
ALA106,ALA106,hydrophobic,0
ALA106,GLY107,other,0
ALA106,MET108,hydrophobic,0
ALA106,ASN109,other,0
ALA106,GLY113,other,0
ALA106,THR115,other,0
ALA106,ARG105,other,0
ALA106,TYR576,other,0
GLY107,HIS43,other,0
GLY107,ARG45,other,0
GLY107,TYR47,other,0
GLY107,GLY105,other,0
GLY107,ALA106,other,0
GLY107,GLY107,other,0
GLY107,MET108,other,0
GLY107,ASN109,other,0
GLY107,ARG105,other,0
GLY107,ASP131,other,0
GLY107,TYR576,other,0
MET108,ARG451,other,0
MET108,ASN465,other,0
MET108,LEU466,hydrophobic,0
MET108,VAL44,hydrophobic,0
MET108,ARG45,other,0
MET108,THR65,other,0
MET108,ALA106,hydrophobic,0
MET108,GLY107,other,0
MET108,MET108,hydrophobic,0
MET108,ASN109,other,0
MET108,THR110,other,0
MET108,ASP131,other,0
MET108,TYR576,other,0
ASN109,ASN465,hbond,0
ASN109,ARG45,other,0
ASN109,TYR47,hbond,0
ASN109,ALA106,other,0
ASN109,GLY107,other,0
ASN109,MET108,other,0
ASN109,ASN109,hbond,0
ASN109,THR110,hbond,0
ASN109,ASP111,other,0
ASN109,ARG112,other,0
ASN109,GLY113,other,0
ASN109,THR571,hbond,0
ASN109,TYR576,hbond,0
THR110,ASN465,hbond,0
THR110,LEU466,other,0
THR110,ARG467,other,0
THR110,ARG45,other,0
THR110,TYR47,hbond,0
THR110,CYS49,other,0
THR110,CYS58,other,0
THR110,GLY59,other,0
THR110,THR60,hbond,0
THR110,MET108,other,0
THR110,ASN109,hbond,0
THR110,THR110,hbond,0
THR110,ASP111,other,0
THR110,ARG112,other,0
THR110,GLY113,other,0
THR110,LYS114,other,0
ASP111,ASN465,other,0
ASP111,ARG467,salt_bridge,0
ASP111,TYR47,other,0
ASP111,GLY56,other,0
ASP111,THR57,other,0
ASP111,CYS58,other,0
ASP111,ASN109,other,0
ASP111,THR110,other,0
ASP111,ASP111,other,0
ASP111,ARG112,salt_bridge,0
ASP111,GLY113,other,0
ASP111,LYS114,salt_bridge,0
ARG112,ASN109,other,0
ARG112,THR110,other,0
ARG112,ASP111,salt_bridge,0
ARG112,ARG112,other,0
ARG112,GLY113,other,0
ARG112,LYS114,other,0
ARG112,THR574,other,0
ARG112,SER569,other,0
ARG112,THR571,other,0
ARG112,ALA572,other,0
ARG112,THR574,other,0
ARG112,CYS575,other,0
ARG112,TYR576,other,0
GLY113,TYR47,other,0
GLY113,CYS104,other,0
GLY113,GLY105,other,0
GLY113,ALA106,other,0
GLY113,ASN109,other,0
GLY113,THR110,other,0
GLY113,ASP111,other,0
GLY113,ARG112,other,0
GLY113,GLY113,other,0
GLY113,LYS114,other,0
GLY113,THR115,other,0
GLY113,ARG105,other,0
GLY113,TYR576,other,0
LYS114,TYR47,other,0
LYS114,CYS49,other,0
LYS114,GLU51,salt_bridge,0
LYS114,GLY56,other,0
LYS114,CYS58,other,0
LYS114,ALA103,other,0
LYS114,CYS104,other,0
LYS114,GLY105,other,0
LYS114,THR110,other,0
LYS114,ASP111,salt_bridge,0
LYS114,ARG112,other,0
LYS114,GLY113,other,0
LYS114,LYS114,other,0
LYS114,THR115,other,0
LYS114,GLN116,other,0
THR115,LEU20,other,0
THR115,PRO21,other,0
THR115,PRO38,other,0
THR115,CYS104,other,0
THR115,GLY105,other,0
THR115,ALA106,other,0
THR115,GLY113,other,0
THR115,LYS114,other,0
THR115,THR115,hbond,0
THR115,GLN116,hbond,0
THR115,LYS117,other,0
GLN116,LEU20,other,0
GLN116,PRO21,other,0
GLN116,VAL23,other,0
GLN116,LYS36,other,0
GLN116,CYS37,other,0
GLN116,PRO38,other,0
GLN116,TYR102,hbond,0
GLN116,ALA103,other,0
GLN116,CYS104,other,0
GLN116,LYS114,other,0
GLN116,THR115,hbond,0
GLN116,GLN116,hbond,0
GLN116,LYS117,other,0
GLN116,VAL118,other,0
LYS117,ILE19,other,0
LYS117,LEU20,other,0
LYS117,PRO21,other,0
LYS117,GLU22,salt_bridge,0
LYS117,VAL23,other,0
LYS117,GLU51,salt_bridge,0
LYS117,TYR102,other,0
LYS117,ALA103,other,0
LYS117,THR115,other,0
LYS117,GLN116,other,0
LYS117,LYS117,other,0
LYS117,VAL118,other,0
LYS117,THR119,other,0
VAL118,VAL23,hydrophobic,0
VAL118,LYS24,other,0
VAL118,VAL25,hydrophobic,0
VAL118,ILE35,hydrophobic,0
VAL118,LEU48,hydrophobic,0
VAL118,GLU51,other,0
VAL118,GLY100,other,0
VAL118,VAL101,hydrophobic,0
VAL118,TYR102,other,0
VAL118,ALA103,hydrophobic,0
VAL118,GLN116,other,0
VAL118,LYS117,other,0
VAL118,VAL118,hydrophobic,0
VAL118,THR119,other,0
VAL118,LEU120,hydrophobic,0
THR119,VAL23,other,0
THR119,LYS24,other,0
THR119,VAL25,other,0
THR119,GLU26,other,0
THR119,GLY100,other,0
THR119,VAL101,other,0
THR119,TYR102,hbond,0
THR119,LYS117,other,0
THR119,VAL118,other,0
THR119,THR119,hbond,0
THR119,LEU120,other,0
THR119,ASN121,hbond,0
LEU120,VAL25,hydrophobic,0
LEU120,VAL33,hydrophobic,0
LEU120,ASP98,other,0
LEU120,SER99,other,0
LEU120,GLY100,other,0
LEU120,VAL101,hydrophobic,0
LEU120,TYR102,other,0
LEU120,VAL118,hydrophobic,0
LEU120,THR119,other,0
LEU120,LEU120,hydrophobic,0
LEU120,ASN121,other,0
LEU120,VAL122,hydrophobic,0
ASN121,LYS24,other,0
ASN121,VAL25,other,0
ASN121,GLU26,other,0
ASN121,GLY27,other,0
ASN121,GLU28,other,0
ASN121,SER99,hbond,0
ASN121,GLY100,other,0
ASN121,THR119,hbond,0
ASN121,LEU120,other,0
ASN121,ASN121,hbond,0
ASN121,VAL122,other,0
ASN121,HIS123,other,0
VAL122,GLY27,other,0
VAL122,GLU28,other,0
VAL122,LEU29,hydrophobic,0
VAL122,GLY30,other,0
VAL122,LEU94,hydrophobic,0
VAL122,LEU120,hydrophobic,0
VAL122,ASN121,other,0
VAL122,VAL122,hydrophobic,0
VAL122,HIS123,other,0
VAL122,SER124,other,0
HIS123,GLU26,other,0
HIS123,GLY27,other,0
HIS123,GLU28,other,0
HIS123,LEU29,other,0
HIS123,ASN121,other,0
HIS123,VAL122,other,0
HIS123,HIS123,other,0
HIS123,SER124,other,0
SER124,LEU29,other,0
SER124,GLY30,other,0
SER124,LEU94,other,0
SER124,GLU96,other,0
SER124,VAL122,other,0
SER124,HIS123,other,0
SER124,SER124,hbond,0
MET42,ARG491,other,0
MET42,GLN493,other,0
MET42,PRO494,hydrophobic,0
MET42,LEU495,hydrophobic,0
MET42,SER496,other,0
HIS43,ARG491,other,0
HIS43,GLN493,other,0
VAL44,GLN493,other,0
VAL44,ARG451,other,0
ARG45,LEU466,other,0
ARG45,GLU468,salt_bridge,0
MET52,GLU526,other,0
THR57,ARG467,other,0
THR57,GLU525,other,0
CYS58,ARG467,other,0
GLY59,ARG467,other,0
GLY59,GLU526,other,0
THR60,LEU466,other,0
THR60,ARG467,other,0
THR60,GLU468,other,0
SER63,GLU468,other,0
THR64,ARG514,other,0
THR65,GLN510,hbond,0
THR65,ARG514,other,0
THR65,GLU468,other,0
ASN66,GLN510,hbond,0
ASN66,ARG514,other,0
PHE67,GLN510,other,0
PHE67,ARG467,other,0
PHE67,GLU468,other,0
LYS69,GLU526,salt_bridge,0
ALA106,ARG491,other,0
GLY107,ARG491,other,0
MET108,ARG491,other,0
MET108,ARG451,other,0
MET108,ASN465,other,0
MET108,LEU466,hydrophobic,0
ASN109,ASN465,hbond,0
THR110,ASN465,hbond,0
THR110,LEU466,other,0
THR110,ARG467,other,0
ASP111,ASN465,other,0
ASP111,ARG467,salt_bridge,0
ARG112,THR530,other,0
ARG112,GLY531,other,0
ARG112,GLU532,salt_bridge,0
MET42,ARG491,other,0
MET42,GLN493,other,0
MET42,PRO494,hydrophobic,0
MET42,LEU495,hydrophobic,0
MET42,SER496,other,0
HIS43,ARG491,other,0
VAL44,GLN493,other,0
ARG45,LEU466,other,0
ARG45,ARG467,other,0
ARG45,GLU468,salt_bridge,0
MET52,GLU526,other,0
THR57,ARG467,other,0
CYS58,ARG467,other,0
GLY59,ARG467,other,0
THR60,LEU466,other,0
THR60,ARG467,other,0
THR60,GLU468,other,0
SER63,GLU468,other,0
THR64,ARG514,other,0
THR65,ARG514,other,0
THR65,GLU468,other,0
ASN66,ARG514,other,0
PHE67,ARG467,other,0
PHE67,GLU468,other,0
PHE67,SER524,other,0
LYS69,GLU526,salt_bridge,0
MET108,ASN465,other,0
MET108,LEU466,hydrophobic,0
ASN109,ASN465,hbond,0
ASN109,LEU466,other,0
THR110,ASN465,hbond,0
THR110,LEU466,other,0
THR110,ARG467,other,0
ASP111,ASN465,other,0
ASP111,ARG467,salt_bridge,0
ARG112,THR530,other,0
ARG112,GLY531,other,0
ARG112,GLU532,salt_bridge,0
MET42,ARG491,other,0
MET42,GLN493,other,0
MET42,PRO494,hydrophobic,0
MET42,LEU495,hydrophobic,0
MET42,SER496,other,0
HIS43,ARG491,other,0
VAL44,GLN493,other,0
ARG45,LEU466,other,0
ARG45,ARG467,other,0
ARG45,GLU468,salt_bridge,0
MET52,GLU526,other,0
GLY56,ARG467,other,0
THR57,ARG467,other,0
CYS58,ARG467,other,0
GLY59,ARG467,other,0
GLY59,GLU526,other,0
THR60,LEU466,other,0
THR60,ARG467,other,0
THR60,GLU468,other,0
THR60,GLU526,other,0
SER63,GLU468,other,0
THR64,ARG514,other,0
THR65,GLU468,other,0
THR65,ARG514,other,0
ASN66,ARG514,other,0
PHE67,ARG467,other,0
PHE67,GLU468,other,0
LYS69,GLU526,salt_bridge,0
MET108,ASN465,other,0
MET108,LEU466,hydrophobic,0
ASN109,ASN465,hbond,0
ASN109,LEU466,other,0
THR110,ASN465,hbond,0
THR110,LEU466,other,0
THR110,ARG467,other,0
ASP111,ARG467,salt_bridge,0
ARG112,THR530,other,0
ARG112,GLY531,other,0
ARG112,GLU532,salt_bridge,0
MET42,ARG491,other,0
MET42,GLN493,other,0
MET42,PRO494,hydrophobic,0
MET42,LEU495,hydrophobic,0
MET42,SER496,other,0
HIS43,ARG491,other,0
HIS43,GLN493,other,0
VAL44,GLN493,other,0
ARG45,ASN465,other,0
ARG45,LEU466,other,0
ARG45,GLU468,salt_bridge,0
MET52,GLU526,other,0
THR57,ARG467,other,0
THR57,GLU525,other,0
CYS58,ARG467,other,0
GLY59,ARG467,other,0
GLY59,GLU526,other,0
THR60,LEU466,other,0
THR60,ARG467,other,0
THR60,GLU468,other,0
SER63,GLU468,other,0
THR65,GLU468,other,0
THR65,HIS450,other,0
THR65,ARG514,other,0
ASN66,GLN510,hbond,0
ASN66,ARG514,other,0
PHE67,ARG467,other,0
PHE67,GLU468,other,0
PHE67,GLN510,other,0
LYS69,GLU526,salt_bridge,0
ALA106,ARG491,other,0
GLY107,ARG491,other,0
MET108,ASN465,other,0
MET108,LEU466,hydrophobic,0
MET108,ARG491,other,0
ASN109,ASN465,hbond,0
THR110,ASN465,hbond,0
THR110,LEU466,other,0
THR110,ARG467,other,0
ASP111,ASN465,other,0
ASP111,ARG467,salt_bridge,0
ARG112,THR530,other,0
ARG112,GLY531,other,0
ARG112,GLU532,salt_bridge,0
MET42,ARG491,other,0
MET42,GLN493,other,0
MET42,LEU495,hydrophobic,0
MET42,SER496,other,0
HIS43,ARG491,other,0
HIS43,GLN493,other,0
ARG45,LEU466,other,0
ARG45,ARG467,other,0
ARG45,GLU468,salt_bridge,0
MET52,GLU526,other,0
THR57,ARG467,other,0
THR57,ASN529,hbond,0
CYS58,ARG467,other,0
GLY59,ARG467,other,0
THR60,LEU466,other,0
THR60,ARG467,other,0
THR60,GLU468,other,0
SER63,GLU468,other,0
THR64,ARG514,other,0
THR65,GLU468,other,0
THR65,HIS450,other,0
THR65,ARG514,other,0
ASN66,GLN510,hbond,0
ASN66,ARG514,other,0
PHE67,GLU468,other,0
LYS69,GLU526,salt_bridge,0
GLY107,ARG491,other,0
MET108,ASN465,other,0
MET108,LEU466,hydrophobic,0
MET108,ARG491,other,0
ASN109,ASN465,hbond,0
THR110,ASN465,hbond,0
THR110,LEU466,other,0
THR110,ARG467,other,0
ASP111,ARG467,salt_bridge,0
ARG112,THR530,other,0
ARG112,GLY531,other,0
ARG112,GLU532,salt_bridge,0
LEU20,SER97,other,0
MET42,ARG491,other,0
MET42,GLN493,other,0
MET42,PRO494,hydrophobic,0
MET42,SER496,other,0
HIS43,ARG491,other,0
HIS43,GLN493,other,0
VAL44,GLN493,other,0
ARG45,LEU466,other,0
ARG45,ARG467,other,0
ARG45,GLU468,salt_bridge,0
MET52,GLU526,other,0
THR57,ARG467,other,0
CYS58,ARG467,other,0
GLY59,ARG467,other,0
THR60,LEU466,other,0
THR60,ARG467,other,0
SER63,GLU468,other,0
THR65,GLU468,other,0
ASN66,ARG514,other,0
PHE67,ARG467,other,0
PHE67,GLU468,other,0
PHE67,SER469,other,0
PHE67,SER524,other,0
LYS69,GLU526,salt_bridge,0
LYS73,GLN510,other,0
GLY107,ARG491,other,0
MET108,ARG491,other,0
MET108,ASN465,other,0
MET108,LEU466,hydrophobic,0
ASN109,ASN465,hbond,0
ASN109,LEU466,other,0
ASN109,ARG467,other,0
THR110,ASN465,hbond,0
THR110,LEU466,other,0
THR110,ARG467,other,0
ASP111,ARG467,salt_bridge,0
ARG112,ARG491,other,0
ARG112,THR530,other,0
ARG112,GLY531,other,0
ARG112,GLU532,salt_bridge,0
ARG112,THR533,other,0
ARG45,LEU466,other,0
ARG45,ARG467,other,0
MET52,GLU526,other,0
SER55,THR571,hbond,0
GLY56,THR571,other,0
THR57,THR571,hbond,0
THR57,ARG467,other,0
CYS58,ARG467,other,0
GLY59,GLU526,other,0
THR60,LEU466,other,0
THR60,ARG467,other,0
THR64,HIS450,other,0
THR65,GLU468,other,0
THR65,ARG514,other,0
ASN66,HIS450,other,0
ASN66,ARG514,other,0
PHE67,ARG467,other,0
PHE67,GLU468,other,0
PHE67,SER524,other,0
PHE67,GLU526,other,0
LYS69,GLU526,salt_bridge,0
LYS73,GLN510,other,0
MET108,ASN465,other,0
MET108,LEU466,hydrophobic,0
MET108,ARG451,other,0
ASN109,SER65,hbond,0
ASN109,ASN465,hbond,0
ASN109,LEU466,other,0
THR110,ASN465,hbond,0
THR110,LEU466,other,0
THR110,ARG467,other,0
ASP111,ASN465,other,0
ASP111,ARG467,salt_bridge,0
ARG112,HIS63,other,0
ARG112,SER65,other,0
ARG112,ASP66,salt_bridge,0
VAL44,ARG451,other,0
ARG45,ASN465,other,0
ARG45,LEU466,other,0
ARG45,ARG467,other,0
ARG45,GLU468,salt_bridge,0
THR57,ARG467,other,0
THR57,THR571,hbond,0
CYS58,ARG467,other,0
GLY59,ARG467,other,0
THR60,LEU466,other,0
THR60,ARG467,other,0
THR60,GLU468,other,0
SER63,GLU468,other,0
THR64,GLU468,other,0
THR65,HIS450,other,0
THR65,ARG514,other,0
ASN66,GLN510,hbond,0
ASN66,ARG514,other,0
ASN66,GLU468,other,0
PHE67,GLN510,other,0
PHE67,ARG467,other,0
PHE67,GLU468,other,0
PHE67,SER469,other,0
LYS69,GLU526,salt_bridge,0
GLY107,TYR576,other,0
MET108,ARG451,other,0
MET108,ASN465,other,0
MET108,LEU466,hydrophobic,0
MET108,TYR576,other,0
ASN109,ASN465,hbond,0
ASN109,THR571,hbond,0
ASN109,TYR576,hbond,0
THR110,ASN465,hbond,0
THR110,LEU466,other,0
THR110,ARG467,other,0
ASP111,ASN465,other,0
ASP111,ARG467,salt_bridge,0
ARG112,THR574,other,0
ARG112,CYS575,other,0
ARG112,SER569,other,0
ARG112,THR571,other,0
ARG112,ALA572,other,0
ARG112,THR574,other,0
ARG112,CYS575,other,0
ARG112,TYR576,other,0
GLY113,TYR576,other,0
MET42,ARG491,other,0
MET42,GLN493,other,0
MET42,PRO494,hydrophobic,0
MET42,LEU495,hydrophobic,0
MET42,SER496,other,0
HIS43,ARG491,other,0
HIS43,GLN493,other,0
VAL44,GLN493,other,0
ARG45,ASN465,other,0
ARG45,LEU466,other,0
ARG45,GLU468,salt_bridge,0
MET52,GLU526,other,0
THR57,ARG467,other,0
THR57,GLU525,other,0
CYS58,ARG467,other,0
GLY59,ARG467,other,0
GLY59,GLU526,other,0
THR60,LEU466,other,0
THR60,ARG467,other,0
THR60,GLU468,other,0
SER63,GLU468,other,0
THR64,ARG514,other,0
THR65,GLU468,other,0
THR65,HIS450,other,0
THR65,ARG514,other,0
ASN66,GLN510,hbond,0
ASN66,ARG514,other,0
PHE67,ARG467,other,0
PHE67,GLU468,other,0
PHE67,GLN510,other,0
LYS69,GLU526,salt_bridge,0
ALA106,ARG491,other,0
GLY107,ARG491,other,0
MET108,ASN465,other,0
MET108,LEU466,hydrophobic,0
MET108,ARG491,other,0
ASN109,ASN465,hbond,0
THR110,ASN465,hbond,0
THR110,LEU466,other,0
THR110,ARG467,other,0
ASP111,ASN465,other,0
ASP111,ARG467,salt_bridge,0
ARG112,THR530,other,0
ARG112,GLY531,other,0
ARG112,GLU532,salt_bridge,0
MET42,ARG491,other,0
MET42,GLN493,other,0
MET42,PRO494,hydrophobic,0
MET42,LEU495,hydrophobic,0
MET42,SER496,other,0
HIS43,ARG491,other,0
HIS43,GLN493,other,0
VAL44,GLN493,other,0
ARG45,ASN465,other,0
ARG45,LEU466,other,0
ARG45,GLU468,salt_bridge,0
MET52,GLU526,other,0
THR57,ARG467,other,0
THR57,GLU525,other,0
CYS58,ARG467,other,0
GLY59,ARG467,other,0
GLY59,GLU526,other,0
THR60,LEU466,other,0
THR60,ARG467,other,0
THR60,GLU468,other,0
SER63,GLU468,other,0
THR64,ARG514,other,0
THR65,ARG514,other,0
THR65,GLU468,other,0
ASN66,GLN510,hbond,0
ASN66,ARG514,other,0
PHE67,GLN510,other,0
PHE67,ARG467,other,0
PHE67,GLU468,other,0
LYS69,GLU526,salt_bridge,0
ALA106,ARG491,other,0
GLY107,ARG491,other,0
MET108,ARG491,other,0
MET108,ASN465,other,0
MET108,LEU466,hydrophobic,0
ASN109,ASN465,hbond,0
THR110,ASN465,hbond,0
THR110,LEU466,other,0
THR110,ARG467,other,0
ASP111,ASN465,other,0
ASP111,ARG467,salt_bridge,0
ARG112,THR530,other,0
ARG112,GLY531,other,0
ARG112,GLU532,salt_bridge,0
